{"type":"FeatureCollection","features":[{"type":"Feature","properties":{"name":"Waco (City Limits)","submkt":"Waco (City Limits)","metro":"Standalone","asset":"All","city":"Waco","state":"TX","geoid":"4876000","source":"Census TIGERweb incorporated places"},"geometry":{"type":"Polygon","coordinates":[[[-97.34098,31.60946],[-97.34134,31.60927],[-97.34067,31.60893],[-97.3403,31.60883],[-97.33997,31.60864],[-97.33851,31.60796],[-97.33788,31.60759],[-97.33529,31.60605],[-97.33382,31.60561],[-97.3333,31.60545],[-97.3332,31.60552],[-97.33204,31.60539],[-97.33057,31.60535],[-97.32956,31.60544],[-97.3291,31.60554],[-97.32893,31.6056],[-97.32824,31.60584],[-97.32796,31.60594],[-97.32748,31.60621],[-97.32702,31.60647],[-97.32639,31.6068],[-97.32624,31.60693],[-97.32566,31.60739],[-97.32509,31.60786],[-97.32446,31.60837],[-97.32383,31.60888],[-97.3232,31.60939],[-97.32257,31.6099],[-97.32179,31.61046],[-97.32104,31.61107],[-97.32028,31.61168],[-97.31983,31.61205],[-97.31949,31.61221],[-97.31863,31.61259],[-97.31777,31.61299],[-97.31693,31.6134],[-97.31558,31.61401],[-97.31333,31.61394],[-97.3111,31.61391],[-97.31014,31.61388],[-97.30807,31.61412],[-97.30787,31.61352],[-97.30776,31.61347],[-97.30765,31.61346],[-97.30769,31.61326],[-97.30827,31.60986],[-97.3083,31.60937],[-97.30804,31.60876],[-97.3078,31.60845],[-97.30659,31.60816],[-97.3046,31.6072],[-97.30457,31.60717],[-97.30445,31.60723],[-97.30317,31.60791],[-97.30307,31.60773],[-97.30172,31.60514],[-97.30178,31.60515],[-97.30174,31.60507],[-97.30188,31.60462],[-97.30219,31.60347],[-97.30235,31.60299],[-97.30242,31.60285],[-97.3036,31.60292],[-97.30369,31.60293],[-97.30366,31.60256],[-97.30367,31.60253],[-97.30356,31.60249],[-97.30316,31.60237],[-97.30259,31.6022],[-97.30278,31.60115],[-97.30281,31.601],[-97.30312,31.59931],[-97.30316,31.59905],[-97.30301,31.59903],[-97.30255,31.59897],[-97.30251,31.59905],[-97.30243,31.5992],[-97.30242,31.59923],[-97.30204,31.60008],[-97.30187,31.60046],[-97.30171,31.6008],[-97.29942,31.59966],[-97.29838,31.59915],[-97.29928,31.5984],[-97.2993,31.59838],[-97.29878,31.59786],[-97.29767,31.59796],[-97.29761,31.59797],[-97.29744,31.59801],[-97.29651,31.59809],[-97.29526,31.59819],[-97.29508,31.5982],[-97.29501,31.59821],[-97.29525,31.59758],[-97.29536,31.59723],[-97.29517,31.59718],[-97.29454,31.59701],[-97.29339,31.59671],[-97.29246,31.59648],[-97.29166,31.59632],[-97.29086,31.59616],[-97.29086,31.5961],[-97.29086,31.59601],[-97.29086,31.59599],[-97.29086,31.59591],[-97.29087,31.59555],[-97.28977,31.59607],[-97.28922,31.59633],[-97.28912,31.59638],[-97.28899,31.59632],[-97.28833,31.59598],[-97.28813,31.59587],[-97.28776,31.59568],[-97.28789,31.59623],[-97.28793,31.59639],[-97.28774,31.59647],[-97.28716,31.59672],[-97.28701,31.59678],[-97.28534,31.59749],[-97.28527,31.59752],[-97.28553,31.59705],[-97.28488,31.5971],[-97.28455,31.59697],[-97.28505,31.59767],[-97.2846,31.5979],[-97.28407,31.59812],[-97.28263,31.59898],[-97.28237,31.59862],[-97.28246,31.59855],[-97.2822,31.59791],[-97.28191,31.59722],[-97.28182,31.59766],[-97.28177,31.59789],[-97.28144,31.59948],[-97.2809,31.59954],[-97.28062,31.59905],[-97.28035,31.5986],[-97.27772,31.59759],[-97.27726,31.59708],[-97.27647,31.59619],[-97.27603,31.59509],[-97.2758,31.5945],[-97.27614,31.59433],[-97.27642,31.59419],[-97.27718,31.59382],[-97.27624,31.59362],[-97.27579,31.5931],[-97.27626,31.59231],[-97.27538,31.5921],[-97.27587,31.59169],[-97.27504,31.59144],[-97.27495,31.59029],[-97.27634,31.59032],[-97.27613,31.58994],[-97.27476,31.58975],[-97.27474,31.58973],[-97.27402,31.58882],[-97.27406,31.58986],[-97.27407,31.59018],[-97.27384,31.58983],[-97.27382,31.58981],[-97.27373,31.58968],[-97.27371,31.58965],[-97.27368,31.58961],[-97.27362,31.58955],[-97.27357,31.58949],[-97.27353,31.58943],[-97.27348,31.58936],[-97.27295,31.58867],[-97.27227,31.5877],[-97.26966,31.584],[-97.26823,31.58191],[-97.26804,31.58164],[-97.26484,31.57713],[-97.26477,31.57704],[-97.26386,31.57572],[-97.26324,31.57478],[-97.2566,31.57574],[-97.25518,31.57596],[-97.25322,31.57626],[-97.25319,31.57621],[-97.25007,31.57179],[-97.25003,31.57181],[-97.24678,31.57347],[-97.24671,31.57351],[-97.24664,31.5734],[-97.24451,31.57018],[-97.24424,31.56979],[-97.24399,31.56942],[-97.24392,31.56933],[-97.2438,31.56919],[-97.2437,31.5691],[-97.24359,31.56899],[-97.24329,31.56876],[-97.24292,31.56849],[-97.2425,31.56817],[-97.24236,31.56807],[-97.24228,31.568],[-97.24214,31.56789],[-97.24202,31.5678],[-97.24194,31.56774],[-97.24188,31.5677],[-97.24184,31.56767],[-97.24181,31.56763],[-97.24179,31.56761],[-97.24176,31.56756],[-97.24171,31.5675],[-97.24169,31.56744],[-97.24174,31.56741],[-97.24178,31.56739],[-97.24795,31.56423],[-97.25018,31.56742],[-97.25169,31.56666],[-97.25033,31.56467],[-97.24949,31.56345],[-97.24961,31.56339],[-97.25054,31.56292],[-97.25167,31.56235],[-97.25407,31.56114],[-97.2542,31.5611],[-97.25432,31.56103],[-97.25441,31.56098],[-97.25466,31.56084],[-97.25469,31.56076],[-97.25495,31.56015],[-97.25515,31.55968],[-97.2553,31.55929],[-97.25531,31.55925],[-97.25532,31.5592],[-97.25531,31.55915],[-97.25528,31.55911],[-97.25524,31.55907],[-97.25489,31.55895],[-97.25407,31.55869],[-97.25399,31.55778],[-97.25283,31.55764],[-97.25282,31.55773],[-97.2525,31.55772],[-97.2525,31.55709],[-97.25323,31.55657],[-97.25339,31.55656],[-97.25363,31.55647],[-97.2547,31.55713],[-97.25597,31.55684],[-97.2567,31.55546],[-97.2566,31.55536],[-97.25631,31.55551],[-97.25612,31.55563],[-97.25594,31.55577],[-97.25575,31.55585],[-97.25549,31.55597],[-97.2547,31.55616],[-97.25451,31.5562],[-97.25447,31.5562],[-97.2533,31.55545],[-97.25221,31.55573],[-97.25213,31.55574],[-97.2517,31.55424],[-97.25167,31.55402],[-97.25168,31.55392],[-97.25171,31.55384],[-97.25177,31.55376],[-97.25189,31.55368],[-97.25266,31.55325],[-97.25309,31.55301],[-97.2535,31.5528],[-97.25353,31.55276],[-97.254,31.55187],[-97.25404,31.55179],[-97.25407,31.55175],[-97.25409,31.55173],[-97.2541,31.55171],[-97.25412,31.55169],[-97.25414,31.55167],[-97.25416,31.55165],[-97.25417,31.55164],[-97.25418,31.55163],[-97.2542,31.55161],[-97.25422,31.55159],[-97.25424,31.55157],[-97.25425,31.55156],[-97.25428,31.55153],[-97.2543,31.55151],[-97.25432,31.55149],[-97.25435,31.55148],[-97.25449,31.55137],[-97.25516,31.55101],[-97.25521,31.55098],[-97.25523,31.55096],[-97.2553,31.55092],[-97.25534,31.5509],[-97.25539,31.55088],[-97.25543,31.55086],[-97.25547,31.55085],[-97.25551,31.55083],[-97.25556,31.55081],[-97.2556,31.55079],[-97.25565,31.55078],[-97.25569,31.55076],[-97.25572,31.55075],[-97.25574,31.55075],[-97.25613,31.55065],[-97.25643,31.55057],[-97.25674,31.5505],[-97.25695,31.55046],[-97.25709,31.55043],[-97.25724,31.5504],[-97.25739,31.55038],[-97.25753,31.55035],[-97.25766,31.55034],[-97.25768,31.55033],[-97.25783,31.55031],[-97.25798,31.5503],[-97.25801,31.55029],[-97.25804,31.55028],[-97.25809,31.55026],[-97.2581,31.55025],[-97.25812,31.55024],[-97.25813,31.55024],[-97.25815,31.55022],[-97.25817,31.5502],[-97.25819,31.55019],[-97.25821,31.55017],[-97.25823,31.55014],[-97.25824,31.55012],[-97.25826,31.55009],[-97.25827,31.55006],[-97.25828,31.55003],[-97.25828,31.55],[-97.25828,31.54993],[-97.25828,31.54991],[-97.25827,31.54987],[-97.25827,31.54985],[-97.25826,31.54983],[-97.25824,31.54981],[-97.25823,31.54979],[-97.25822,31.54977],[-97.25796,31.54943],[-97.25788,31.54932],[-97.25723,31.54845],[-97.25682,31.54784],[-97.25678,31.54777],[-97.25644,31.54729],[-97.25614,31.54688],[-97.25431,31.54443],[-97.25234,31.54173],[-97.25207,31.54137],[-97.25213,31.54134],[-97.25207,31.54127],[-97.25704,31.53865],[-97.25737,31.53852],[-97.25766,31.5384],[-97.2579,31.5383],[-97.25765,31.53821],[-97.25714,31.53803],[-97.25647,31.53775],[-97.25576,31.53732],[-97.25484,31.53693],[-97.25409,31.53663],[-97.25357,31.53647],[-97.2529,31.53623],[-97.25221,31.536],[-97.25131,31.53569],[-97.24962,31.53506],[-97.2483,31.53456],[-97.24686,31.53401],[-97.24662,31.53377],[-97.24608,31.53322],[-97.24588,31.53293],[-97.24585,31.53289],[-97.24497,31.53165],[-97.24432,31.53073],[-97.24691,31.53007],[-97.24728,31.52908],[-97.24847,31.52572],[-97.24854,31.52582],[-97.24917,31.52668],[-97.25146,31.53007],[-97.2515,31.53005],[-97.25433,31.5286],[-97.25468,31.52842],[-97.25369,31.52701],[-97.2532,31.52631],[-97.25326,31.52626],[-97.25428,31.5254],[-97.25252,31.52413],[-97.25162,31.52405],[-97.25155,31.52394],[-97.25106,31.52325],[-97.25207,31.52203],[-97.25299,31.52092],[-97.25339,31.52044],[-97.25377,31.51997],[-97.25405,31.51963],[-97.25443,31.51917],[-97.25503,31.51845],[-97.25453,31.51763],[-97.25448,31.51755],[-97.25415,31.51761],[-97.2526,31.51791],[-97.25245,31.51771],[-97.25184,31.51687],[-97.25557,31.51697],[-97.25667,31.51596],[-97.25961,31.51675],[-97.26085,31.51613],[-97.26176,31.51567],[-97.2623,31.5154],[-97.26369,31.51574],[-97.26614,31.51633],[-97.26688,31.51585],[-97.26993,31.51385],[-97.27102,31.5161],[-97.27104,31.51613],[-97.27114,31.51634],[-97.27346,31.51753],[-97.2746,31.51812],[-97.27464,31.51814],[-97.27477,31.51821],[-97.27515,31.51818],[-97.27583,31.5181],[-97.2766,31.51801],[-97.27653,31.51797],[-97.27636,31.51788],[-97.27386,31.51649],[-97.27379,31.51645],[-97.27377,31.51639],[-97.27322,31.51488],[-97.2715,31.51014],[-97.26998,31.50917],[-97.26799,31.50879],[-97.26789,31.50877],[-97.2664,31.50961],[-97.26539,31.51018],[-97.26532,31.51016],[-97.26124,31.50908],[-97.25895,31.50848],[-97.2588,31.50786],[-97.25785,31.50851],[-97.25742,31.50835],[-97.25618,31.5079],[-97.25602,31.50771],[-97.25421,31.50554],[-97.25664,31.50461],[-97.2575,31.50428],[-97.25818,31.50466],[-97.25943,31.50375],[-97.26108,31.50256],[-97.26253,31.50068],[-97.2656,31.50283],[-97.26879,31.50308],[-97.26932,31.5029],[-97.26961,31.5028],[-97.27226,31.50189],[-97.2733,31.50153],[-97.27353,31.50188],[-97.27393,31.50166],[-97.27284,31.49996],[-97.27379,31.49865],[-97.27385,31.49636],[-97.27119,31.49587],[-97.27216,31.4953],[-97.27294,31.49484],[-97.2726,31.49435],[-97.26988,31.49495],[-97.26911,31.49426],[-97.26818,31.49343],[-97.27158,31.49236],[-97.27189,31.49226],[-97.27209,31.49232],[-97.27386,31.49287],[-97.27393,31.49284],[-97.27468,31.49256],[-97.27527,31.49341],[-97.27606,31.49454],[-97.27616,31.49449],[-97.27733,31.49394],[-97.27865,31.49331],[-97.28002,31.49459],[-97.28005,31.49462],[-97.28019,31.49462],[-97.28114,31.49464],[-97.28152,31.49444],[-97.28219,31.49411],[-97.28362,31.49638],[-97.28412,31.49728],[-97.2842,31.49786],[-97.28397,31.49798],[-97.2829,31.49854],[-97.28288,31.49855],[-97.27994,31.50009],[-97.27995,31.50011],[-97.28066,31.50113],[-97.28129,31.502],[-97.28553,31.50796],[-97.28567,31.50818],[-97.28575,31.50821],[-97.28713,31.51028],[-97.28718,31.51035],[-97.29948,31.50413],[-97.29983,31.50395],[-97.29943,31.50194],[-97.29902,31.49938],[-97.29919,31.4993],[-97.29933,31.4993],[-97.29946,31.49932],[-97.30166,31.49989],[-97.30186,31.50003],[-97.30295,31.50075],[-97.30301,31.50079],[-97.30344,31.50132],[-97.3039,31.50189],[-97.30421,31.50218],[-97.30428,31.50221],[-97.30476,31.50251],[-97.30499,31.50265],[-97.30539,31.50288],[-97.30557,31.50301],[-97.30577,31.50314],[-97.30596,31.50337],[-97.30612,31.50372],[-97.30619,31.50412],[-97.30619,31.50445],[-97.30609,31.50544],[-97.30609,31.50559],[-97.30612,31.50603],[-97.30616,31.50613],[-97.30631,31.50644],[-97.30633,31.50649],[-97.30659,31.50685],[-97.30662,31.5069],[-97.30665,31.50693],[-97.30678,31.50709],[-97.30683,31.50715],[-97.30698,31.50733],[-97.30719,31.50758],[-97.30737,31.50778],[-97.30758,31.50804],[-97.30775,31.50825],[-97.3078,31.50829],[-97.30796,31.50845],[-97.30898,31.50925],[-97.30946,31.50961],[-97.3097,31.50978],[-97.30982,31.50986],[-97.31037,31.51027],[-97.31205,31.51146],[-97.31221,31.51156],[-97.31282,31.51195],[-97.31288,31.51199],[-97.31344,31.51232],[-97.31395,31.51255],[-97.31442,31.51271],[-97.31507,31.51284],[-97.31577,31.5129],[-97.31676,31.51298],[-97.31734,31.51298],[-97.31788,31.51302],[-97.31812,31.51301],[-97.31815,31.513],[-97.31826,31.51296],[-97.31848,31.5128],[-97.31879,31.51256],[-97.31922,31.51207],[-97.31935,31.51189],[-97.31939,31.5117],[-97.31939,31.51108],[-97.31937,31.51067],[-97.31938,31.51034],[-97.31934,31.51022],[-97.31933,31.51002],[-97.31926,31.50965],[-97.31885,31.509],[-97.31864,31.50835],[-97.31865,31.50802],[-97.31865,31.5077],[-97.3185,31.50721],[-97.31844,31.50699],[-97.31833,31.50688],[-97.31829,31.50683],[-97.31829,31.50676],[-97.31829,31.50628],[-97.3183,31.50588],[-97.31842,31.50558],[-97.3186,31.50526],[-97.31883,31.50495],[-97.31889,31.50478],[-97.31924,31.50435],[-97.31941,31.50414],[-97.31951,31.50374],[-97.31959,31.50331],[-97.31994,31.50257],[-97.31984,31.50241],[-97.32011,31.50214],[-97.3207,31.50189],[-97.31937,31.49959],[-97.32267,31.49806],[-97.32562,31.49668],[-97.32599,31.49711],[-97.32535,31.49978],[-97.32746,31.49976],[-97.32787,31.49988],[-97.32712,31.49889],[-97.33366,31.49555],[-97.33429,31.49523],[-97.33412,31.49499],[-97.32865,31.48721],[-97.32788,31.48591],[-97.32745,31.48531],[-97.3244,31.4811],[-97.32279,31.47887],[-97.32266,31.4787],[-97.32184,31.47896],[-97.32148,31.4791],[-97.32101,31.47953],[-97.32038,31.4801],[-97.32068,31.48525],[-97.32081,31.48702],[-97.32081,31.48712],[-97.32084,31.48741],[-97.3224,31.48831],[-97.32301,31.48865],[-97.32255,31.48927],[-97.32232,31.48957],[-97.32265,31.49013],[-97.32276,31.49026],[-97.32279,31.49029],[-97.32331,31.49109],[-97.32244,31.49153],[-97.32117,31.49218],[-97.32125,31.49357],[-97.32128,31.49408],[-97.3214,31.49636],[-97.32066,31.49638],[-97.316,31.49654],[-97.31596,31.49648],[-97.31588,31.496],[-97.31541,31.496],[-97.31534,31.496],[-97.31534,31.49569],[-97.31534,31.49485],[-97.31525,31.49369],[-97.31524,31.49324],[-97.31524,31.49291],[-97.31361,31.49032],[-97.31321,31.48977],[-97.31283,31.48913],[-97.31252,31.48903],[-97.31223,31.48901],[-97.30842,31.49086],[-97.30758,31.49185],[-97.30682,31.49267],[-97.30646,31.49307],[-97.30614,31.49349],[-97.30597,31.49363],[-97.30579,31.49369],[-97.30507,31.49393],[-97.30429,31.49276],[-97.30349,31.49156],[-97.30258,31.49021],[-97.30184,31.4891],[-97.30167,31.48919],[-97.3006,31.48975],[-97.29945,31.48817],[-97.29817,31.48632],[-97.29663,31.4842],[-97.29605,31.48338],[-97.29539,31.48244],[-97.29447,31.48114],[-97.29414,31.48066],[-97.29411,31.48062],[-97.29395,31.48041],[-97.29511,31.48021],[-97.29801,31.47969],[-97.29849,31.47961],[-97.30053,31.47926],[-97.30205,31.47898],[-97.30374,31.47867],[-97.30581,31.47832],[-97.30894,31.47772],[-97.30991,31.47757],[-97.31078,31.47742],[-97.31254,31.47714],[-97.3143,31.47671],[-97.31494,31.47655],[-97.31673,31.47605],[-97.31943,31.47518],[-97.32079,31.47471],[-97.32208,31.47426],[-97.32264,31.47407],[-97.32423,31.47354],[-97.32362,31.4726],[-97.32352,31.47246],[-97.32318,31.47193],[-97.32296,31.4716],[-97.32275,31.47128],[-97.32272,31.47123],[-97.32294,31.47111],[-97.3235,31.47082],[-97.32397,31.47057],[-97.32408,31.47051],[-97.32422,31.47072],[-97.32437,31.47092],[-97.32451,31.47113],[-97.32464,31.47134],[-97.3248,31.47154],[-97.32508,31.47195],[-97.32523,31.47215],[-97.32537,31.47236],[-97.32552,31.47256],[-97.32569,31.47282],[-97.32579,31.47296],[-97.32587,31.47293],[-97.32642,31.47275],[-97.32648,31.47273],[-97.32697,31.47256],[-97.32528,31.47017],[-97.32447,31.469],[-97.32169,31.46505],[-97.32141,31.46457],[-97.31809,31.45996],[-97.31555,31.46118],[-97.31851,31.46529],[-97.31883,31.46573],[-97.31018,31.46781],[-97.30844,31.46824],[-97.30758,31.46845],[-97.30621,31.46879],[-97.30558,31.46895],[-97.30552,31.46896],[-97.30547,31.46897],[-97.30459,31.46919],[-97.30439,31.46924],[-97.30381,31.46938],[-97.30322,31.46954],[-97.30319,31.46949],[-97.3029,31.46904],[-97.30261,31.46864],[-97.30221,31.46805],[-97.30161,31.46817],[-97.30149,31.46785],[-97.30072,31.467],[-97.30048,31.46648],[-97.29715,31.46441],[-97.29543,31.46204],[-97.29432,31.46287],[-97.29376,31.46326],[-97.29363,31.46341],[-97.2936,31.46358],[-97.29425,31.46465],[-97.29724,31.4691],[-97.29735,31.46928],[-97.2976,31.46955],[-97.29797,31.46983],[-97.30233,31.46872],[-97.30264,31.46963],[-97.2994,31.47047],[-97.29911,31.47049],[-97.29897,31.47054],[-97.29901,31.47059],[-97.29877,31.47065],[-97.29802,31.47083],[-97.29491,31.47158],[-97.29316,31.472],[-97.2918,31.47233],[-97.28867,31.47315],[-97.28733,31.47347],[-97.28421,31.47423],[-97.28364,31.47437],[-97.28302,31.47451],[-97.28231,31.47461],[-97.28042,31.47488],[-97.27934,31.47503],[-97.27899,31.47505],[-97.27816,31.47512],[-97.27687,31.47524],[-97.27673,31.47525],[-97.27651,31.47527],[-97.27631,31.47529],[-97.27622,31.47529],[-97.27608,31.47613],[-97.27612,31.47648],[-97.27652,31.47701],[-97.27649,31.47748],[-97.27657,31.47771],[-97.27676,31.478],[-97.27702,31.47836],[-97.27722,31.47845],[-97.27743,31.47836],[-97.27753,31.4782],[-97.27774,31.47803],[-97.27804,31.47806],[-97.27818,31.4784],[-97.2781,31.47873],[-97.27767,31.47917],[-97.27735,31.47932],[-97.27714,31.47952],[-97.27659,31.48065],[-97.27652,31.48074],[-97.27574,31.48122],[-97.27564,31.48123],[-97.27519,31.48125],[-97.27475,31.48113],[-97.27442,31.48087],[-97.27388,31.48087],[-97.27332,31.48104],[-97.273,31.48166],[-97.27276,31.4818],[-97.27273,31.48181],[-97.2723,31.48204],[-97.27187,31.48215],[-97.27175,31.48225],[-97.27143,31.48243],[-97.27122,31.48282],[-97.27102,31.48326],[-97.271,31.4833],[-97.27088,31.48365],[-97.27087,31.48389],[-97.27114,31.48452],[-97.27127,31.48481],[-97.27133,31.48492],[-97.27135,31.485],[-97.27144,31.48532],[-97.27141,31.48533],[-97.2708,31.48542],[-97.27072,31.48544],[-97.26978,31.4856],[-97.26971,31.48561],[-97.26854,31.48574],[-97.26778,31.48581],[-97.2677,31.48581],[-97.26824,31.48686],[-97.26206,31.49017],[-97.2587,31.49196],[-97.25894,31.4926],[-97.25824,31.49287],[-97.25731,31.49257],[-97.25723,31.49264],[-97.25691,31.49292],[-97.2569,31.49343],[-97.25602,31.4944],[-97.25549,31.49392],[-97.25501,31.49412],[-97.25516,31.49479],[-97.25498,31.49496],[-97.25488,31.49499],[-97.25483,31.49515],[-97.25456,31.49543],[-97.25336,31.49528],[-97.25319,31.49541],[-97.25388,31.49589],[-97.25369,31.49604],[-97.25383,31.49633],[-97.25319,31.49753],[-97.25315,31.49806],[-97.2528,31.49828],[-97.25241,31.49833],[-97.2516,31.49813],[-97.25131,31.49846],[-97.25169,31.49889],[-97.25172,31.49917],[-97.25145,31.49946],[-97.25118,31.49931],[-97.25066,31.49975],[-97.25009,31.49982],[-97.25005,31.49979],[-97.24973,31.49947],[-97.24971,31.49896],[-97.24922,31.49936],[-97.24877,31.49933],[-97.24875,31.49971],[-97.24825,31.49995],[-97.24827,31.5003],[-97.24861,31.50042],[-97.24951,31.50073],[-97.2495,31.5009],[-97.2495,31.50099],[-97.24916,31.50127],[-97.24916,31.50135],[-97.24879,31.50141],[-97.24842,31.50146],[-97.24766,31.50156],[-97.24703,31.50127],[-97.24674,31.50166],[-97.24546,31.50183],[-97.24525,31.50515],[-97.2452,31.50594],[-97.24432,31.50754],[-97.24347,31.50774],[-97.24256,31.50703],[-97.24201,31.50724],[-97.24184,31.50698],[-97.24159,31.50746],[-97.24201,31.50815],[-97.24215,31.50824],[-97.24221,31.50846],[-97.24296,31.50966],[-97.24357,31.51019],[-97.243,31.51079],[-97.24259,31.51086],[-97.24132,31.51214],[-97.23918,31.51426],[-97.23898,31.51555],[-97.23902,31.51567],[-97.23909,31.51616],[-97.23913,31.51645],[-97.23877,31.51679],[-97.23861,31.51791],[-97.23817,31.51945],[-97.23715,31.51987],[-97.23708,31.51955],[-97.23675,31.51802],[-97.23679,31.51783],[-97.2367,31.51777],[-97.23649,31.51765],[-97.23632,31.51755],[-97.23561,31.51793],[-97.22912,31.52143],[-97.22778,31.52117],[-97.2264,31.52091],[-97.2245,31.52117],[-97.22295,31.51892],[-97.22188,31.51738],[-97.22168,31.51706],[-97.21822,31.51884],[-97.21806,31.51896],[-97.21681,31.51957],[-97.2157,31.52013],[-97.21468,31.51861],[-97.21456,31.51807],[-97.21379,31.51676],[-97.21335,31.51599],[-97.213,31.51614],[-97.21126,31.5169],[-97.20994,31.5175],[-97.2086,31.5155],[-97.20823,31.51493],[-97.20815,31.51477],[-97.20795,31.51477],[-97.20762,31.51492],[-97.20698,31.51517],[-97.2047,31.51618],[-97.20466,31.51606],[-97.20341,31.51431],[-97.20318,31.51395],[-97.20401,31.51352],[-97.20419,31.51343],[-97.20406,31.51326],[-97.20378,31.51284],[-97.20326,31.51207],[-97.20287,31.5115],[-97.20235,31.51074],[-97.20182,31.50996],[-97.20116,31.50898],[-97.20061,31.50916],[-97.2004,31.50929],[-97.19996,31.50871],[-97.1999,31.50866],[-97.19487,31.51128],[-97.1935,31.51199],[-97.19265,31.51244],[-97.19185,31.51285],[-97.19162,31.51298],[-97.19117,31.51323],[-97.19097,31.51337],[-97.19078,31.51337],[-97.19031,31.5128],[-97.19023,31.51264],[-97.19014,31.51245],[-97.19009,31.51241],[-97.18972,31.51215],[-97.18966,31.51192],[-97.1896,31.51171],[-97.18952,31.51146],[-97.1898,31.5113],[-97.19137,31.51071],[-97.19288,31.50997],[-97.19231,31.50892],[-97.19089,31.50677],[-97.19158,31.50627],[-97.19058,31.50587],[-97.19037,31.50582],[-97.19265,31.5048],[-97.19355,31.5044],[-97.19442,31.50401],[-97.19448,31.50417],[-97.19646,31.5066],[-97.19708,31.50737],[-97.19793,31.50694],[-97.19822,31.50647],[-97.19832,31.5064],[-97.19726,31.50488],[-97.1961,31.50321],[-97.20101,31.50097],[-97.202,31.50231],[-97.20282,31.50341],[-97.20314,31.50384],[-97.20356,31.50369],[-97.20352,31.50339],[-97.20375,31.50329],[-97.20357,31.50303],[-97.20353,31.50296],[-97.20306,31.50227],[-97.20322,31.50219],[-97.20726,31.5001],[-97.20757,31.50049],[-97.2086,31.502],[-97.20863,31.50199],[-97.21093,31.50109],[-97.21192,31.50062],[-97.21227,31.50037],[-97.21246,31.50025],[-97.21259,31.50017],[-97.21283,31.50006],[-97.21321,31.49986],[-97.21406,31.49964],[-97.21538,31.49911],[-97.21569,31.49897],[-97.21661,31.49855],[-97.21707,31.49834],[-97.21697,31.49824],[-97.2171,31.4982],[-97.21689,31.49786],[-97.21662,31.49746],[-97.21644,31.4972],[-97.21741,31.49678],[-97.21759,31.49705],[-97.21808,31.49776],[-97.21821,31.4977],[-97.21841,31.49752],[-97.21867,31.49729],[-97.21939,31.49665],[-97.21937,31.49608],[-97.21904,31.49562],[-97.21817,31.49449],[-97.21811,31.4944],[-97.22115,31.49245],[-97.22158,31.4922],[-97.22292,31.4915],[-97.22416,31.49086],[-97.22525,31.49028],[-97.22629,31.48974],[-97.22651,31.48963],[-97.2265,31.48961],[-97.22603,31.48905],[-97.2231,31.48486],[-97.223,31.48414],[-97.22295,31.48406],[-97.22287,31.48393],[-97.22298,31.48375],[-97.22631,31.47927],[-97.22635,31.47923],[-97.22647,31.47907],[-97.22708,31.47846],[-97.22723,31.47832],[-97.22733,31.47824],[-97.2274,31.4782],[-97.22752,31.47808],[-97.22767,31.47797],[-97.22772,31.47794],[-97.22774,31.47792],[-97.22797,31.47777],[-97.22806,31.47771],[-97.22819,31.47763],[-97.22843,31.47748],[-97.22866,31.47734],[-97.22889,31.47722],[-97.22913,31.47708],[-97.22937,31.47696],[-97.22962,31.47685],[-97.22986,31.47675],[-97.23001,31.47669],[-97.23022,31.47661],[-97.23037,31.47656],[-97.22984,31.47583],[-97.22967,31.47559],[-97.22955,31.47566],[-97.22917,31.47585],[-97.22894,31.47596],[-97.22875,31.47568],[-97.22857,31.4754],[-97.22839,31.47549],[-97.22834,31.47552],[-97.22831,31.47547],[-97.22803,31.47506],[-97.22793,31.47491],[-97.22796,31.4749],[-97.22883,31.47446],[-97.22981,31.47397],[-97.22988,31.47394],[-97.22999,31.47388],[-97.23002,31.47386],[-97.23178,31.47295],[-97.23393,31.47181],[-97.23415,31.47169],[-97.23412,31.47166],[-97.23383,31.47125],[-97.23381,31.47122],[-97.23354,31.47084],[-97.23351,31.4708],[-97.23325,31.47044],[-97.23324,31.47042],[-97.23292,31.46999],[-97.23279,31.46981],[-97.23246,31.46935],[-97.23245,31.46932],[-97.23191,31.46857],[-97.23225,31.4684],[-97.23226,31.46839],[-97.23383,31.46758],[-97.23387,31.46756],[-97.2344,31.46728],[-97.23442,31.46727],[-97.23495,31.467],[-97.23501,31.46697],[-97.2353,31.46682],[-97.2355,31.46671],[-97.23559,31.46667],[-97.23578,31.46657],[-97.23597,31.46647],[-97.23606,31.46643],[-97.23655,31.46617],[-97.23657,31.46616],[-97.23768,31.46559],[-97.23771,31.46557],[-97.23856,31.46513],[-97.23864,31.46509],[-97.23862,31.46505],[-97.23849,31.46486],[-97.23819,31.46442],[-97.2374,31.46327],[-97.23483,31.4596],[-97.23475,31.45946],[-97.23488,31.45925],[-97.23646,31.45843],[-97.23654,31.45825],[-97.23505,31.45606],[-97.23466,31.45554],[-97.23383,31.45425],[-97.23358,31.45387],[-97.23248,31.45229],[-97.23108,31.45029],[-97.23101,31.45033],[-97.2287,31.45151],[-97.22733,31.45221],[-97.22673,31.4512],[-97.22615,31.45019],[-97.22644,31.45002],[-97.22607,31.44947],[-97.2259,31.44922],[-97.22557,31.44899],[-97.22555,31.44872],[-97.22617,31.44585],[-97.22268,31.44763],[-97.22135,31.4483],[-97.21905,31.44948],[-97.21868,31.45028],[-97.21845,31.45076],[-97.21839,31.45127],[-97.21842,31.45181],[-97.21811,31.45281],[-97.21787,31.45295],[-97.21771,31.45302],[-97.21334,31.45517],[-97.21299,31.45535],[-97.21129,31.45614],[-97.21058,31.45647],[-97.20976,31.45679],[-97.20917,31.45703],[-97.20854,31.45731],[-97.20791,31.45762],[-97.2078,31.45768],[-97.20752,31.45779],[-97.20727,31.458],[-97.20691,31.45812],[-97.20673,31.45818],[-97.20664,31.45821],[-97.20654,31.45827],[-97.20847,31.46124],[-97.2101,31.46372],[-97.21186,31.4664],[-97.21298,31.4681],[-97.21488,31.47099],[-97.21455,31.47115],[-97.21448,31.47107],[-97.2144,31.47094],[-97.21326,31.47148],[-97.21314,31.47154],[-97.21146,31.47237],[-97.21083,31.47266],[-97.20806,31.47392],[-97.20672,31.47453],[-97.20631,31.47471],[-97.20642,31.47487],[-97.2077,31.47664],[-97.20779,31.47677],[-97.20868,31.47823],[-97.21078,31.48167],[-97.20958,31.48226],[-97.20885,31.4812],[-97.20787,31.47977],[-97.20667,31.48032],[-97.20376,31.48169],[-97.2036,31.48176],[-97.20348,31.48182],[-97.20168,31.48267],[-97.20164,31.48261],[-97.20096,31.48166],[-97.20054,31.48108],[-97.19999,31.48136],[-97.19757,31.48253],[-97.19736,31.48221],[-97.19685,31.48246],[-97.19676,31.4824],[-97.19674,31.48239],[-97.19653,31.48249],[-97.19648,31.48243],[-97.19666,31.48234],[-97.19658,31.48229],[-97.19648,31.48225],[-97.19638,31.48222],[-97.19628,31.48218],[-97.19615,31.48216],[-97.19607,31.48214],[-97.19595,31.48213],[-97.19584,31.48212],[-97.19574,31.48212],[-97.19562,31.48213],[-97.19552,31.48215],[-97.19541,31.48217],[-97.19531,31.48219],[-97.19523,31.48207],[-97.19598,31.48171],[-97.19499,31.48025],[-97.19494,31.48018],[-97.19504,31.48018],[-97.19515,31.48017],[-97.19536,31.48006],[-97.19562,31.47994],[-97.1959,31.47982],[-97.19588,31.47978],[-97.19572,31.47959],[-97.19546,31.4796],[-97.19544,31.4796],[-97.1956,31.47985],[-97.19532,31.47985],[-97.19524,31.47985],[-97.19514,31.47986],[-97.195,31.47992],[-97.19484,31.47999],[-97.19452,31.48013],[-97.19406,31.48033],[-97.19412,31.4804],[-97.19409,31.48042],[-97.19393,31.48048],[-97.19392,31.48048],[-97.19351,31.48064],[-97.19302,31.48079],[-97.19282,31.48211],[-97.19231,31.48131],[-97.19248,31.48097],[-97.19265,31.48059],[-97.19297,31.47993],[-97.19323,31.47937],[-97.19327,31.47929],[-97.19349,31.47882],[-97.19364,31.47851],[-97.19384,31.47804],[-97.19406,31.4775],[-97.19422,31.47701],[-97.19439,31.47646],[-97.19459,31.47566],[-97.19465,31.47542],[-97.19495,31.47406],[-97.19536,31.47208],[-97.19562,31.47082],[-97.19567,31.47057],[-97.1955,31.47061],[-97.19137,31.47167],[-97.18948,31.47259],[-97.18902,31.47186],[-97.18733,31.46932],[-97.18556,31.46891],[-97.18359,31.46846],[-97.18118,31.46792],[-97.18114,31.46807],[-97.18068,31.46977],[-97.18006,31.47143],[-97.17945,31.47261],[-97.17911,31.47326],[-97.17906,31.47334],[-97.18279,31.47479],[-97.18187,31.47521],[-97.18139,31.47544],[-97.18023,31.47601],[-97.17894,31.47663],[-97.17886,31.4766],[-97.17763,31.47606],[-97.17685,31.47753],[-97.17541,31.47694],[-97.17572,31.47628],[-97.16468,31.47194],[-97.16209,31.47628],[-97.16285,31.47655],[-97.16234,31.47756],[-97.16277,31.4777],[-97.16318,31.47795],[-97.1635,31.47836],[-97.16373,31.47896],[-97.16378,31.47908],[-97.16385,31.47918],[-97.16392,31.47924],[-97.16383,31.47921],[-97.16376,31.47918],[-97.16333,31.479],[-97.16294,31.47882],[-97.16284,31.47878],[-97.16184,31.47836],[-97.16153,31.47822],[-97.16139,31.47816],[-97.1613,31.47812],[-97.16106,31.47802],[-97.161,31.47811],[-97.16098,31.47815],[-97.16096,31.47817],[-97.16085,31.47815],[-97.16078,31.47813],[-97.16036,31.4788],[-97.15947,31.48025],[-97.15967,31.48035],[-97.16073,31.48081],[-97.16069,31.48088],[-97.16061,31.48102],[-97.16053,31.48115],[-97.16045,31.48129],[-97.16037,31.48143],[-97.16029,31.48156],[-97.16028,31.48157],[-97.16025,31.48171],[-97.16022,31.48186],[-97.16019,31.48201],[-97.16015,31.48216],[-97.16012,31.48232],[-97.16005,31.48266],[-97.16004,31.4827],[-97.15999,31.48298],[-97.15992,31.48338],[-97.15973,31.48437],[-97.1597,31.48451],[-97.15946,31.48447],[-97.15938,31.48444],[-97.15927,31.48433],[-97.15924,31.48413],[-97.15919,31.48411],[-97.15905,31.48411],[-97.15897,31.48411],[-97.15875,31.48421],[-97.15861,31.48434],[-97.15838,31.48434],[-97.15825,31.4843],[-97.15814,31.48421],[-97.15814,31.4842],[-97.15811,31.48414],[-97.15811,31.48413],[-97.1581,31.48403],[-97.15804,31.48399],[-97.15782,31.48397],[-97.15774,31.48398],[-97.15763,31.48399],[-97.15754,31.48395],[-97.15651,31.48558],[-97.15604,31.48633],[-97.1538,31.48992],[-97.15395,31.49135],[-97.15502,31.49413],[-97.15508,31.49429],[-97.15525,31.49473],[-97.15519,31.49487],[-97.15509,31.49509],[-97.15499,31.49531],[-97.15452,31.49519],[-97.15429,31.49517],[-97.15367,31.49512],[-97.15284,31.49524],[-97.15172,31.49553],[-97.15153,31.49558],[-97.15111,31.49572],[-97.15037,31.49598],[-97.14988,31.49618],[-97.14971,31.49629],[-97.14967,31.49632],[-97.14943,31.49648],[-97.14912,31.49702],[-97.14891,31.49727],[-97.14873,31.49757],[-97.14855,31.4975],[-97.14836,31.49742],[-97.14815,31.49736],[-97.14814,31.49713],[-97.14813,31.49686],[-97.14812,31.49665],[-97.14811,31.4964],[-97.14808,31.49557],[-97.14818,31.49509],[-97.14832,31.49447],[-97.14843,31.49398],[-97.14847,31.49376],[-97.14829,31.49346],[-97.14769,31.49247],[-97.14795,31.49199],[-97.14775,31.4919],[-97.14683,31.49148],[-97.14629,31.49127],[-97.14546,31.491],[-97.14445,31.49078],[-97.14385,31.49073],[-97.14336,31.49076],[-97.14287,31.49079],[-97.14247,31.49085],[-97.14188,31.49097],[-97.14141,31.49112],[-97.14053,31.49153],[-97.14027,31.49165],[-97.13981,31.49186],[-97.13762,31.49287],[-97.13721,31.49306],[-97.13662,31.49333],[-97.13362,31.49472],[-97.13359,31.49474],[-97.13338,31.49484],[-97.13339,31.49494],[-97.13387,31.50053],[-97.13387,31.50058],[-97.13384,31.5029],[-97.13386,31.50382],[-97.13386,31.50475],[-97.13384,31.50505],[-97.13384,31.50535],[-97.13377,31.50534],[-97.13255,31.50536],[-97.13117,31.50538],[-97.12678,31.50544],[-97.12666,31.50544],[-97.12658,31.50518],[-97.12623,31.50408],[-97.12602,31.50342],[-97.12541,31.50146],[-97.12529,31.50148],[-97.1248,31.50166],[-97.1243,31.50203],[-97.12336,31.50242],[-97.12307,31.50267],[-97.12272,31.50329],[-97.12216,31.50372],[-97.12034,31.50443],[-97.1197,31.50457],[-97.11914,31.50493],[-97.11804,31.50535],[-97.11665,31.50624],[-97.11552,31.50663],[-97.11491,31.50674],[-97.11413,31.50674],[-97.11293,31.5064],[-97.11245,31.50651],[-97.11119,31.507],[-97.11042,31.507],[-97.10994,31.50688],[-97.10927,31.5064],[-97.10895,31.50626],[-97.10884,31.50622],[-97.10859,31.50619],[-97.10821,31.50615],[-97.10777,31.5061],[-97.10737,31.50594],[-97.10657,31.50587],[-97.10561,31.50622],[-97.10488,31.50619],[-97.10304,31.5059],[-97.10179,31.50537],[-97.10183,31.50606],[-97.1017,31.50605],[-97.10164,31.50604],[-97.10145,31.50593],[-97.10142,31.50591],[-97.10129,31.50589],[-97.10116,31.50587],[-97.10089,31.50586],[-97.10062,31.50585],[-97.10035,31.50585],[-97.10009,31.50587],[-97.09982,31.50589],[-97.09955,31.50591],[-97.09929,31.50594],[-97.09902,31.50596],[-97.09873,31.50593],[-97.09846,31.50593],[-97.09833,31.50593],[-97.09782,31.5064],[-97.09754,31.50666],[-97.0972,31.50698],[-97.09665,31.50731],[-97.09625,31.50765],[-97.09611,31.50796],[-97.09608,31.50863],[-97.09593,31.50882],[-97.09568,31.50894],[-97.09544,31.50895],[-97.09484,31.50927],[-97.09456,31.50953],[-97.09437,31.50986],[-97.09428,31.51022],[-97.09427,31.51073],[-97.09427,31.51118],[-97.09406,31.51143],[-97.09404,31.51146],[-97.09392,31.51166],[-97.09369,31.51176],[-97.09343,31.51184],[-97.09317,31.51189],[-97.09289,31.51192],[-97.09261,31.51198],[-97.09246,31.51205],[-97.09217,31.51228],[-97.09199,31.51243],[-97.09198,31.51244],[-97.09174,31.51263],[-97.0916,31.5128],[-97.09135,31.51334],[-97.09133,31.51338],[-97.09125,31.51345],[-97.0911,31.5136],[-97.0911,31.51395],[-97.09108,31.5144],[-97.09108,31.51443],[-97.0911,31.51451],[-97.09111,31.51453],[-97.09112,31.51464],[-97.09118,31.51502],[-97.09116,31.51506],[-97.0911,31.51531],[-97.09073,31.5158],[-97.09064,31.51616],[-97.09049,31.51635],[-97.09035,31.51637],[-97.09002,31.51668],[-97.08981,31.51685],[-97.08949,31.51694],[-97.08932,31.517],[-97.08919,31.51658],[-97.08904,31.51668],[-97.08824,31.51721],[-97.08796,31.51726],[-97.08792,31.51726],[-97.08786,31.51725],[-97.08753,31.51723],[-97.08747,31.51723],[-97.08686,31.51725],[-97.08668,31.51725],[-97.08659,31.51741],[-97.08641,31.51773],[-97.08632,31.51789],[-97.08621,31.51816],[-97.08613,31.51819],[-97.08612,31.5182],[-97.08596,31.51821],[-97.08568,31.51797],[-97.08486,31.51781],[-97.08389,31.51805],[-97.08363,31.51812],[-97.08333,31.51872],[-97.08311,31.51854],[-97.082,31.51755],[-97.08143,31.51711],[-97.08105,31.51678],[-97.08077,31.51655],[-97.0802,31.51606],[-97.0798,31.5157],[-97.07921,31.51512],[-97.07794,31.51353],[-97.07793,31.51351],[-97.07757,31.51306],[-97.07718,31.51255],[-97.07679,31.5121],[-97.07618,31.51142],[-97.07501,31.51005],[-97.07409,31.50889],[-97.0738,31.50848],[-97.07301,31.5072],[-97.07174,31.50516],[-97.0701,31.50243],[-97.06956,31.50151],[-97.0689,31.5004],[-97.06809,31.49911],[-97.06733,31.49789],[-97.06707,31.49748],[-97.06671,31.49673],[-97.06588,31.49461],[-97.06578,31.4942],[-97.06573,31.49391],[-97.06567,31.49333],[-97.06558,31.49281],[-97.06539,31.49208],[-97.06477,31.49089],[-97.06393,31.48948],[-97.06343,31.48861],[-97.06321,31.48816],[-97.06314,31.48778],[-97.06315,31.48741],[-97.06316,31.48712],[-97.06325,31.48687],[-97.06335,31.48651],[-97.06372,31.48574],[-97.06378,31.48559],[-97.06405,31.48506],[-97.06429,31.48434],[-97.06465,31.48301],[-97.06497,31.48155],[-97.06514,31.48075],[-97.06531,31.48002],[-97.0654,31.47961],[-97.06568,31.4785],[-97.06611,31.47702],[-97.06649,31.47541],[-97.06661,31.47488],[-97.06679,31.47406],[-97.06693,31.47311],[-97.06715,31.47144],[-97.06716,31.47121],[-97.06727,31.47023],[-97.06744,31.46974],[-97.06775,31.46882],[-97.06785,31.46824],[-97.06801,31.46776],[-97.06813,31.46736],[-97.06825,31.46689],[-97.06834,31.46639],[-97.06839,31.46592],[-97.06843,31.46546],[-97.06858,31.46409],[-97.06861,31.46368],[-97.0686,31.46363],[-97.06853,31.46322],[-97.06853,31.46319],[-97.06839,31.46317],[-97.06828,31.46315],[-97.0683,31.46327],[-97.06839,31.46371],[-97.06839,31.46409],[-97.06825,31.46541],[-97.06819,31.46591],[-97.06811,31.4664],[-97.06805,31.46684],[-97.06795,31.46729],[-97.06781,31.46776],[-97.06766,31.46821],[-97.06752,31.46874],[-97.0672,31.46976],[-97.0671,31.47029],[-97.06694,31.47121],[-97.06693,31.47142],[-97.06691,31.47179],[-97.06659,31.47397],[-97.06643,31.47468],[-97.06632,31.47524],[-97.06593,31.47691],[-97.06541,31.47862],[-97.06504,31.48005],[-97.06492,31.48076],[-97.06481,31.48155],[-97.06451,31.48301],[-97.06413,31.48438],[-97.06393,31.48499],[-97.06363,31.48558],[-97.06357,31.4857],[-97.06321,31.48644],[-97.0631,31.48677],[-97.06298,31.48709],[-97.06299,31.4874],[-97.06299,31.48778],[-97.06304,31.48823],[-97.06326,31.48867],[-97.0638,31.48959],[-97.06434,31.49046],[-97.06467,31.49094],[-97.06523,31.49208],[-97.06525,31.49214],[-97.06544,31.49284],[-97.06554,31.49334],[-97.06559,31.49392],[-97.06564,31.49424],[-97.06573,31.49461],[-97.06606,31.49547],[-97.06624,31.4959],[-97.06657,31.4967],[-97.0666,31.49677],[-97.06685,31.49725],[-97.06696,31.49752],[-97.06802,31.49916],[-97.06877,31.50045],[-97.06944,31.50156],[-97.06999,31.50249],[-97.07163,31.5052],[-97.0729,31.50726],[-97.07369,31.50854],[-97.07395,31.50896],[-97.07489,31.51013],[-97.0761,31.51152],[-97.07664,31.51218],[-97.07706,31.51265],[-97.07744,31.51314],[-97.07782,31.51361],[-97.07905,31.51521],[-97.07968,31.51578],[-97.08014,31.51615],[-97.0807,31.51666],[-97.081,31.51691],[-97.08135,31.51719],[-97.08165,31.51745],[-97.08185,31.51762],[-97.08245,31.51814],[-97.08305,31.51866],[-97.08619,31.5213],[-97.08643,31.5215],[-97.08664,31.52168],[-97.0868,31.52182],[-97.08685,31.52185],[-97.08788,31.52276],[-97.08814,31.52298],[-97.08801,31.52304],[-97.08752,31.52327],[-97.088,31.52407],[-97.08836,31.52467],[-97.08931,31.52622],[-97.08971,31.5269],[-97.09099,31.52907],[-97.09104,31.52915],[-97.09174,31.53032],[-97.09231,31.53123],[-97.09308,31.53247],[-97.09332,31.53298],[-97.09337,31.53312],[-97.09341,31.53321],[-97.09396,31.53478],[-97.09429,31.53535],[-97.09431,31.53538],[-97.0944,31.53553],[-97.09466,31.53593],[-97.09496,31.53632],[-97.09512,31.53653],[-97.09519,31.53661],[-97.09535,31.53679],[-97.09551,31.53697],[-97.0956,31.53706],[-97.09587,31.53733],[-97.0959,31.53736],[-97.09584,31.53741],[-97.09568,31.53756],[-97.09584,31.53774],[-97.09626,31.53811],[-97.09635,31.5382],[-97.09665,31.53847],[-97.09639,31.53869],[-97.09508,31.53984],[-97.095,31.53991],[-97.09599,31.5408],[-97.09726,31.53969],[-97.0976,31.53939],[-97.09791,31.5397],[-97.09979,31.54163],[-97.0998,31.54163],[-97.09865,31.54262],[-97.09863,31.54266],[-97.09862,31.54269],[-97.09862,31.54273],[-97.09862,31.54277],[-97.09864,31.54282],[-97.09761,31.54377],[-97.09593,31.54532],[-97.09144,31.54946],[-97.09104,31.54983],[-97.09139,31.54991],[-97.09203,31.55003],[-97.09306,31.55017],[-97.09389,31.55025],[-97.0945,31.55027],[-97.09498,31.55025],[-97.0953,31.55026],[-97.09529,31.5503],[-97.09517,31.55095],[-97.09517,31.55096],[-97.09499,31.55095],[-97.09495,31.55097],[-97.09478,31.55105],[-97.09374,31.55076],[-97.09414,31.55105],[-97.09425,31.55103],[-97.09457,31.55117],[-97.09448,31.55125],[-97.09422,31.55114],[-97.09403,31.55107],[-97.0939,31.55101],[-97.09369,31.55104],[-97.09332,31.55099],[-97.09314,31.55084],[-97.09324,31.55074],[-97.09324,31.55066],[-97.093,31.55058],[-97.09282,31.55062],[-97.09269,31.55057],[-97.09262,31.55064],[-97.09283,31.55092],[-97.0925,31.55084],[-97.09217,31.55087],[-97.09119,31.55068],[-97.09076,31.55059],[-97.09056,31.55055],[-97.09043,31.55052],[-97.09037,31.55054],[-97.09036,31.55052],[-97.09032,31.5505],[-97.09029,31.55052],[-97.09027,31.55047],[-97.08952,31.55026],[-97.08935,31.55017],[-97.08927,31.55013],[-97.08902,31.55053],[-97.08877,31.55092],[-97.08875,31.55094],[-97.08862,31.55115],[-97.08838,31.55099],[-97.08787,31.55073],[-97.08752,31.55057],[-97.08519,31.54959],[-97.08266,31.54857],[-97.08219,31.54838],[-97.0811,31.54794],[-97.07986,31.54745],[-97.07849,31.5469],[-97.07626,31.54599],[-97.073,31.54466],[-97.07013,31.54351],[-97.07001,31.54346],[-97.06909,31.54309],[-97.06862,31.5429],[-97.0686,31.54304],[-97.06855,31.54342],[-97.06852,31.54363],[-97.06845,31.54413],[-97.06845,31.54416],[-97.06844,31.54424],[-97.06842,31.54442],[-97.06832,31.5454],[-97.06827,31.546],[-97.06825,31.54619],[-97.06822,31.54658],[-97.06821,31.54679],[-97.0682,31.547],[-97.06819,31.54714],[-97.06817,31.54745],[-97.06816,31.54759],[-97.06816,31.54766],[-97.06811,31.54797],[-97.06848,31.54827],[-97.06858,31.54834],[-97.0684,31.54969],[-97.06796,31.55304],[-97.06788,31.55347],[-97.06781,31.55417],[-97.06731,31.558],[-97.06651,31.56406],[-97.06419,31.56532],[-97.06386,31.56548],[-97.06364,31.56561],[-97.06336,31.56576],[-97.06374,31.56628],[-97.06382,31.5664],[-97.06444,31.56726],[-97.06491,31.56793],[-97.06573,31.56908],[-97.06657,31.57026],[-97.06667,31.57039],[-97.06737,31.57136],[-97.06739,31.57159],[-97.06838,31.57296],[-97.06883,31.57358],[-97.06899,31.57381],[-97.06915,31.57402],[-97.06917,31.57405],[-97.06942,31.57417],[-97.06944,31.57418],[-97.0696,31.57439],[-97.06985,31.57472],[-97.0703,31.57533],[-97.07034,31.57538],[-97.07039,31.57545],[-97.07197,31.57782],[-97.07303,31.57941],[-97.07365,31.58038],[-97.07423,31.58128],[-97.07538,31.58306],[-97.07541,31.5831],[-97.07838,31.5871],[-97.07877,31.58762],[-97.07889,31.58779],[-97.07968,31.58893],[-97.07999,31.58937],[-97.07912,31.58992],[-97.07906,31.58996],[-97.07901,31.58999],[-97.07768,31.59085],[-97.07727,31.59116],[-97.07681,31.59151],[-97.07674,31.59154],[-97.07584,31.59221],[-97.07446,31.59328],[-97.07262,31.59466],[-97.07211,31.59505],[-97.07195,31.59523],[-97.07192,31.59526],[-97.07153,31.59556],[-97.0709,31.59598],[-97.0701,31.59658],[-97.06953,31.59701],[-97.06496,31.60041],[-97.06493,31.60043],[-97.06323,31.6017],[-97.06272,31.60207],[-97.06269,31.6021],[-97.06149,31.60299],[-97.06145,31.60302],[-97.06141,31.60307],[-97.0647,31.60847],[-97.06592,31.61036],[-97.06595,31.61041],[-97.06595,31.61042],[-97.06604,31.61058],[-97.06116,31.61296],[-97.06083,31.61311],[-97.06051,31.61326],[-97.06034,31.61334],[-97.06036,31.61341],[-97.06039,31.61349],[-97.06044,31.61361],[-97.05788,31.6148],[-97.05787,31.61481],[-97.05673,31.6153],[-97.05558,31.6158],[-97.05555,31.61582],[-97.05413,31.61644],[-97.05276,31.61704],[-97.04839,31.61897],[-97.04478,31.62058],[-97.0446,31.62065],[-97.04461,31.62103],[-97.04459,31.62117],[-97.04471,31.62145],[-97.04484,31.62156],[-97.04523,31.62188],[-97.04521,31.6219],[-97.04504,31.6221],[-97.04496,31.62219],[-97.04496,31.62271],[-97.04514,31.62286],[-97.04523,31.62294],[-97.04529,31.62293],[-97.04539,31.62291],[-97.04564,31.62286],[-97.04584,31.62273],[-97.04593,31.62256],[-97.04597,31.62224],[-97.04594,31.62215],[-97.04598,31.62184],[-97.04601,31.62179],[-97.04636,31.62167],[-97.04637,31.62167],[-97.04668,31.62172],[-97.04691,31.62181],[-97.04707,31.62188],[-97.04711,31.6219],[-97.04714,31.62193],[-97.04736,31.6221],[-97.0474,31.62237],[-97.04725,31.62269],[-97.04703,31.62291],[-97.04677,31.62312],[-97.04657,31.62327],[-97.04624,31.62372],[-97.04612,31.62388],[-97.04607,31.62403],[-97.04597,31.62426],[-97.0459,31.62448],[-97.04586,31.62453],[-97.04562,31.62473],[-97.04557,31.6248],[-97.04541,31.62492],[-97.04548,31.62502],[-97.0473,31.62799],[-97.04736,31.62809],[-97.04928,31.63123],[-97.04913,31.6313],[-97.04898,31.63137],[-97.04865,31.63153],[-97.04875,31.63169],[-97.05027,31.63402],[-97.05062,31.63386],[-97.05065,31.6339],[-97.05083,31.63415],[-97.05136,31.63489],[-97.0525,31.63651],[-97.04769,31.63884],[-97.04702,31.63916],[-97.04842,31.64097],[-97.04863,31.64124],[-97.04905,31.641],[-97.04912,31.64096],[-97.05055,31.64014],[-97.05082,31.64049],[-97.05102,31.64076],[-97.05428,31.63906],[-97.05726,31.63748],[-97.05727,31.6375],[-97.05728,31.6375],[-97.05741,31.63748],[-97.0578,31.63799],[-97.05827,31.63763],[-97.05926,31.63672],[-97.05933,31.63668],[-97.06042,31.63617],[-97.06056,31.63611],[-97.06048,31.6356],[-97.06046,31.63539],[-97.06046,31.63529],[-97.06058,31.63513],[-97.06076,31.63498],[-97.06099,31.63487],[-97.06133,31.63481],[-97.06207,31.63491],[-97.06224,31.63494],[-97.06262,31.63502],[-97.06234,31.63565],[-97.06246,31.63569],[-97.06259,31.63573],[-97.06117,31.63885],[-97.06072,31.63984],[-97.06055,31.64025],[-97.0605,31.64037],[-97.06024,31.64101],[-97.06017,31.64117],[-97.06013,31.64127],[-97.0609,31.64232],[-97.06118,31.6427],[-97.06125,31.64266],[-97.06159,31.64248],[-97.06173,31.64241],[-97.06207,31.64289],[-97.06192,31.64297],[-97.0616,31.64314],[-97.06154,31.64318],[-97.0616,31.64326],[-97.06184,31.64359],[-97.06467,31.64757],[-97.06522,31.64834],[-97.06623,31.65],[-97.06634,31.65019],[-97.06636,31.65049],[-97.06637,31.65062],[-97.06663,31.65507],[-97.06663,31.65513],[-97.06664,31.65526],[-97.06681,31.65979],[-97.06682,31.65993],[-97.06747,31.66041],[-97.06782,31.66039],[-97.07077,31.66027],[-97.07268,31.66019],[-97.07267,31.66008],[-97.0732,31.66006],[-97.0732,31.66016],[-97.07496,31.66012],[-97.07503,31.66009],[-97.07516,31.66003],[-97.07496,31.65999],[-97.07473,31.65972],[-97.07423,31.65899],[-97.07421,31.6587],[-97.07415,31.65738],[-97.07414,31.65719],[-97.07547,31.65713],[-97.07699,31.65708],[-97.07739,31.65707],[-97.07748,31.65706],[-97.07741,31.656],[-97.07739,31.65561],[-97.07738,31.65543],[-97.07752,31.65562],[-97.0791,31.65482],[-97.07921,31.65477],[-97.07887,31.6542],[-97.07718,31.65139],[-97.07716,31.65093],[-97.07715,31.65059],[-97.07715,31.64959],[-97.07715,31.64951],[-97.07722,31.64948],[-97.07724,31.64947],[-97.07857,31.64876],[-97.07865,31.64882],[-97.07863,31.64874],[-97.08048,31.64772],[-97.08063,31.64764],[-97.08178,31.64701],[-97.08181,31.64699],[-97.08227,31.64676],[-97.08256,31.64661],[-97.08421,31.64576],[-97.08556,31.645],[-97.08566,31.64493],[-97.08582,31.64485],[-97.08905,31.6431],[-97.08926,31.643],[-97.08993,31.64268],[-97.09084,31.64221],[-97.09167,31.64172],[-97.09227,31.64142],[-97.09438,31.64034],[-97.09488,31.64007],[-97.09483,31.63891],[-97.09476,31.63762],[-97.09472,31.63667],[-97.0947,31.63607],[-97.09462,31.63436],[-97.09438,31.63446],[-97.09238,31.63556],[-97.09179,31.63554],[-97.09169,31.63507],[-97.09162,31.63476],[-97.09151,31.63436],[-97.09158,31.63433],[-97.09219,31.63404],[-97.09326,31.63378],[-97.09359,31.63362],[-97.09362,31.63358],[-97.09392,31.63305],[-97.09452,31.63209],[-97.09446,31.6304],[-97.09436,31.62845],[-97.0943,31.62719],[-97.09426,31.62606],[-97.09419,31.62437],[-97.09375,31.62441],[-97.09347,31.6246],[-97.09017,31.62655],[-97.09032,31.62675],[-97.09047,31.62696],[-97.09008,31.62717],[-97.08914,31.62767],[-97.08917,31.62775],[-97.08873,31.62799],[-97.08893,31.62836],[-97.08912,31.62865],[-97.0862,31.63016],[-97.08588,31.62976],[-97.08342,31.63103],[-97.08278,31.63009],[-97.08256,31.63011],[-97.08208,31.63011],[-97.08169,31.63012],[-97.08169,31.63014],[-97.08166,31.63014],[-97.08149,31.63015],[-97.08123,31.63015],[-97.08076,31.62944],[-97.07841,31.62625],[-97.07818,31.62625],[-97.07788,31.62626],[-97.07553,31.62269],[-97.07518,31.62287],[-97.07447,31.62319],[-97.07417,31.62328],[-97.07392,31.62339],[-97.0735,31.62357],[-97.07077,31.62485],[-97.06871,31.62578],[-97.06855,31.62583],[-97.0683,31.62593],[-97.06824,31.62582],[-97.06768,31.62495],[-97.06479,31.62055],[-97.06188,31.61598],[-97.06051,31.61373],[-97.06071,31.61364],[-97.06064,31.61352],[-97.061,31.61335],[-97.06622,31.61084],[-97.06628,31.61081],[-97.06618,31.61052],[-97.06608,31.61036],[-97.06563,31.60956],[-97.06481,31.60829],[-97.06415,31.6072],[-97.06326,31.60578],[-97.06252,31.60454],[-97.06186,31.60348],[-97.0616,31.60302],[-97.0619,31.60311],[-97.06454,31.60111],[-97.06939,31.59743],[-97.07229,31.59533],[-97.07208,31.59525],[-97.07204,31.59525],[-97.07624,31.59211],[-97.07685,31.59174],[-97.07817,31.59084],[-97.0787,31.59045],[-97.07922,31.59013],[-97.07978,31.58982],[-97.08036,31.58943],[-97.08062,31.58929],[-97.08109,31.58901],[-97.08352,31.58749],[-97.08363,31.58753],[-97.08645,31.58561],[-97.08932,31.58372],[-97.08938,31.58362],[-97.08947,31.58345],[-97.0913,31.58003],[-97.09158,31.57948],[-97.0919,31.57887],[-97.09216,31.5784],[-97.0923,31.57814],[-97.09242,31.57791],[-97.09252,31.57772],[-97.09265,31.57747],[-97.09299,31.57683],[-97.09325,31.57635],[-97.09329,31.57627],[-97.09332,31.5762],[-97.09348,31.57591],[-97.09362,31.57563],[-97.09383,31.57525],[-97.09393,31.57506],[-97.0942,31.57455],[-97.09483,31.57336],[-97.09518,31.5727],[-97.09527,31.57255],[-97.09551,31.57242],[-97.09601,31.57216],[-97.09609,31.57247],[-97.09619,31.57275],[-97.0966,31.57337],[-97.09672,31.57355],[-97.09684,31.5737],[-97.09688,31.5739],[-97.09807,31.57559],[-97.0982,31.57577],[-97.09825,31.57585],[-97.09867,31.57564],[-97.09962,31.57518],[-97.10191,31.57407],[-97.10295,31.57356],[-97.10319,31.57343],[-97.10368,31.57317],[-97.10413,31.57297],[-97.10446,31.57282],[-97.10622,31.57297],[-97.10678,31.57284],[-97.10703,31.57278],[-97.10707,31.57277],[-97.10726,31.57265],[-97.10732,31.57272],[-97.10749,31.57293],[-97.10768,31.5729],[-97.10774,31.57289],[-97.10805,31.57291],[-97.10848,31.57298],[-97.10879,31.57311],[-97.10903,31.57328],[-97.10947,31.57371],[-97.11072,31.57549],[-97.10944,31.57612],[-97.10894,31.57636],[-97.10876,31.57648],[-97.1088,31.57665],[-97.10893,31.57684],[-97.10946,31.57767],[-97.10993,31.57841],[-97.1106,31.57926],[-97.11027,31.57978],[-97.11018,31.58017],[-97.11018,31.58033],[-97.11003,31.58059],[-97.10989,31.58095],[-97.10977,31.58132],[-97.10972,31.5815],[-97.10965,31.58168],[-97.10956,31.58198],[-97.10953,31.58206],[-97.10943,31.58247],[-97.10935,31.58288],[-97.10929,31.58329],[-97.10926,31.5835],[-97.10925,31.58371],[-97.10858,31.58477],[-97.10858,31.58483],[-97.10857,31.58496],[-97.1086,31.585],[-97.10854,31.58519],[-97.10888,31.58507],[-97.10919,31.58512],[-97.10918,31.5853],[-97.10919,31.58557],[-97.10918,31.58599],[-97.10918,31.5862],[-97.10918,31.58641],[-97.10918,31.5868],[-97.10934,31.58681],[-97.10955,31.58681],[-97.10983,31.58681],[-97.10999,31.58682],[-97.11012,31.58683],[-97.11202,31.58925],[-97.11234,31.58966],[-97.11393,31.58887],[-97.11423,31.58873],[-97.1147,31.5885],[-97.11566,31.58802],[-97.11799,31.58687],[-97.12021,31.58577],[-97.12282,31.585],[-97.12324,31.58557],[-97.12331,31.58568],[-97.12293,31.58572],[-97.12211,31.5858],[-97.12156,31.58601],[-97.12119,31.58624],[-97.121,31.58622],[-97.12075,31.58636],[-97.12065,31.58664],[-97.12076,31.58714],[-97.12057,31.5874],[-97.12054,31.58805],[-97.12074,31.58839],[-97.12088,31.58865],[-97.12079,31.58908],[-97.12006,31.5889],[-97.12003,31.5892],[-97.12014,31.58982],[-97.12015,31.59],[-97.12246,31.59007],[-97.12171,31.59205],[-97.12137,31.59295],[-97.12047,31.59534],[-97.12026,31.59592],[-97.11956,31.59771],[-97.11814,31.60141],[-97.1179,31.60206],[-97.11719,31.604],[-97.11701,31.60447],[-97.1166,31.60551],[-97.11652,31.60576],[-97.11649,31.60585],[-97.11622,31.60653],[-97.11586,31.60738],[-97.11622,31.60785],[-97.11744,31.60966],[-97.11829,31.61083],[-97.11911,31.61197],[-97.11944,31.61243],[-97.11948,31.6125],[-97.12003,31.61236],[-97.12,31.61248],[-97.11996,31.61275],[-97.11994,31.613],[-97.12013,31.61291],[-97.12108,31.61249],[-97.12117,31.61259],[-97.12591,31.61135],[-97.12729,31.61099],[-97.12866,31.61064],[-97.1288,31.6106],[-97.12876,31.61073],[-97.12868,31.61104],[-97.12866,31.61114],[-97.12864,31.6112],[-97.12862,31.61129],[-97.12858,31.61149],[-97.12854,31.61166],[-97.12851,31.61175],[-97.12851,31.61181],[-97.12849,31.6119],[-97.12846,31.61201],[-97.12844,31.6121],[-97.12838,31.61235],[-97.12838,31.61238],[-97.12838,31.61244],[-97.12839,31.61257],[-97.12839,31.61264],[-97.1284,31.61267],[-97.1284,31.6128],[-97.1284,31.61284],[-97.12839,31.61297],[-97.12863,31.61442],[-97.12867,31.61454],[-97.12865,31.61454],[-97.12852,31.6145],[-97.12809,31.61438],[-97.12772,31.61424],[-97.12742,31.61406],[-97.1274,31.61406],[-97.12714,31.61397],[-97.1268,31.61406],[-97.12663,31.61429],[-97.12657,31.61436],[-97.12637,31.61465],[-97.12692,31.61452],[-97.12712,31.61458],[-97.12734,31.61479],[-97.12757,31.61496],[-97.12794,31.61508],[-97.12838,31.61519],[-97.12878,31.61522],[-97.12941,31.61652],[-97.12979,31.61727],[-97.12979,31.61728],[-97.13015,31.61784],[-97.13049,31.61835],[-97.13085,31.61888],[-97.13123,31.61941],[-97.13195,31.62034],[-97.13216,31.62059],[-97.13232,31.62076],[-97.13272,31.62117],[-97.13288,31.62132],[-97.13302,31.62146],[-97.13316,31.62159],[-97.1333,31.62173],[-97.13343,31.62186],[-97.13374,31.62215],[-97.13388,31.62228],[-97.13404,31.62243],[-97.13421,31.62256],[-97.13438,31.62268],[-97.1345,31.62278],[-97.1346,31.6229],[-97.13463,31.62291],[-97.13501,31.62317],[-97.13513,31.62333],[-97.13535,31.62342],[-97.13552,31.62353],[-97.13574,31.62362],[-97.1359,31.62374],[-97.13617,31.62379],[-97.13638,31.62391],[-97.13669,31.62395],[-97.13693,31.62404],[-97.13726,31.62409],[-97.13733,31.62413],[-97.13743,31.62418],[-97.13785,31.6243],[-97.13796,31.62434],[-97.13803,31.62435],[-97.1382,31.6244],[-97.13844,31.62445],[-97.13882,31.62453],[-97.13919,31.6246],[-97.13962,31.62467],[-97.14023,31.62479],[-97.141,31.6249],[-97.14166,31.62498],[-97.14227,31.62506],[-97.14323,31.62524],[-97.14355,31.6253],[-97.14381,31.62535],[-97.14407,31.6254],[-97.14433,31.62544],[-97.14467,31.6255],[-97.14499,31.62555],[-97.14528,31.62563],[-97.14561,31.62569],[-97.14594,31.62574],[-97.14617,31.62577],[-97.14628,31.62578],[-97.14635,31.62579],[-97.14653,31.6258],[-97.14661,31.62581],[-97.14671,31.62582],[-97.14682,31.62582],[-97.14687,31.62583],[-97.14692,31.62583],[-97.14696,31.62583],[-97.14698,31.62583],[-97.14702,31.62583],[-97.14708,31.62583],[-97.14713,31.62583],[-97.14718,31.62583],[-97.14723,31.62582],[-97.14728,31.62582],[-97.14734,31.62582],[-97.14739,31.62581],[-97.14744,31.62581],[-97.14749,31.6258],[-97.14755,31.62579],[-97.14759,31.62578],[-97.14765,31.62578],[-97.1477,31.62577],[-97.14775,31.62576],[-97.1478,31.62574],[-97.14782,31.62574],[-97.14789,31.62572],[-97.14796,31.62571],[-97.14803,31.62569],[-97.14804,31.62568],[-97.14809,31.62567],[-97.14816,31.62565],[-97.14823,31.62562],[-97.14831,31.6256],[-97.14837,31.62558],[-97.14843,31.62555],[-97.14851,31.62552],[-97.14858,31.62549],[-97.14863,31.62547],[-97.14864,31.62546],[-97.14872,31.62543],[-97.14879,31.6254],[-97.14893,31.62533],[-97.149,31.62529],[-97.14907,31.62525],[-97.14913,31.62521],[-97.14921,31.62516],[-97.14956,31.62487],[-97.14982,31.62476],[-97.14984,31.62475],[-97.15,31.62464],[-97.15062,31.62425],[-97.15102,31.62398],[-97.15145,31.62369],[-97.15187,31.62338],[-97.15228,31.62309],[-97.15258,31.6228],[-97.15294,31.62253],[-97.15321,31.62242],[-97.15361,31.62224],[-97.1543,31.62179],[-97.15462,31.62158],[-97.15506,31.62129],[-97.15542,31.62106],[-97.1558,31.62082],[-97.15601,31.62068],[-97.15656,31.62035],[-97.15663,31.6203],[-97.15671,31.62024],[-97.15679,31.62019],[-97.15687,31.62014],[-97.15695,31.62009],[-97.15703,31.62005],[-97.15711,31.62],[-97.15719,31.61995],[-97.15728,31.61991],[-97.15739,31.61984],[-97.15742,31.61983],[-97.15756,31.61975],[-97.15772,31.61967],[-97.15789,31.6196],[-97.15806,31.61952],[-97.15818,31.61948],[-97.15823,31.61945],[-97.15841,31.61938],[-97.15858,31.61932],[-97.15866,31.61929],[-97.1587,31.61928],[-97.15882,31.61924],[-97.15894,31.61919],[-97.15901,31.61916],[-97.15905,31.61915],[-97.15917,31.6191],[-97.15932,31.61905],[-97.15989,31.61882],[-97.16046,31.61858],[-97.16073,31.61847],[-97.16094,31.61838],[-97.1615,31.61815],[-97.16191,31.61798],[-97.16232,31.61781],[-97.16284,31.6176],[-97.16323,31.61744],[-97.16343,31.61736],[-97.16354,31.61732],[-97.16365,31.61728],[-97.16376,31.61723],[-97.16387,31.61718],[-97.16398,31.61714],[-97.16409,31.61708],[-97.1643,31.61698],[-97.1645,31.61688],[-97.16471,31.61677],[-97.16492,31.61666],[-97.16514,31.61655],[-97.1653,31.61644],[-97.16538,31.61638],[-97.16546,31.61632],[-97.16554,31.61626],[-97.16561,31.6162],[-97.16569,31.61613],[-97.16576,31.61607],[-97.16584,31.616],[-97.16591,31.61594],[-97.16594,31.61592],[-97.16603,31.61584],[-97.16615,31.61575],[-97.16628,31.61565],[-97.1663,31.61564],[-97.1664,31.61556],[-97.16653,31.61547],[-97.16666,31.61539],[-97.16679,31.6153],[-97.16693,31.61521],[-97.16705,31.61514],[-97.16719,31.61506],[-97.16732,31.61499],[-97.16744,31.61492],[-97.16746,31.61491],[-97.1676,31.61484],[-97.16774,31.61477],[-97.16787,31.6147],[-97.16829,31.61448],[-97.1683,31.61448],[-97.16862,31.61435],[-97.16894,31.61423],[-97.16926,31.6141],[-97.16953,31.61399],[-97.16982,31.61388],[-97.17012,31.61376],[-97.17013,31.61375],[-97.1704,31.61367],[-97.17069,31.61361],[-97.17076,31.6136],[-97.17082,31.61359],[-97.17089,31.61358],[-97.17096,31.61356],[-97.17102,31.61355],[-97.17106,31.61354],[-97.17109,31.61353],[-97.17115,31.61352],[-97.17122,31.6135],[-97.17128,31.61348],[-97.17135,31.61346],[-97.17141,31.61344],[-97.17147,31.61342],[-97.17153,31.61339],[-97.1716,31.61337],[-97.17166,31.61335],[-97.17172,31.61332],[-97.17184,31.61327],[-97.17185,31.61326],[-97.17188,31.61325],[-97.17191,31.61323],[-97.17192,31.61323],[-97.17196,31.61321],[-97.17198,31.6132],[-97.17201,31.61319],[-97.17205,31.61318],[-97.17209,31.61317],[-97.17213,31.61316],[-97.17217,31.61315],[-97.17219,31.61314],[-97.17223,31.61314],[-97.17227,31.61313],[-97.17231,31.61312],[-97.17235,31.61312],[-97.17239,31.61312],[-97.17243,31.61312],[-97.17247,31.61312],[-97.17251,31.61312],[-97.17253,31.61312],[-97.17257,31.61312],[-97.17261,31.61313],[-97.17265,31.61313],[-97.17269,31.61314],[-97.17273,31.61315],[-97.17278,31.61316],[-97.17282,31.61317],[-97.17286,31.61318],[-97.17292,31.6132],[-97.17295,31.61322],[-97.17299,31.61323],[-97.17302,31.61325],[-97.17307,31.61327],[-97.1731,31.61329],[-97.17314,31.6133],[-97.17318,31.61332],[-97.17322,31.61334],[-97.17326,31.61336],[-97.1733,31.61338],[-97.17333,31.6134],[-97.17337,31.61342],[-97.1734,31.61343],[-97.17345,31.61346],[-97.17348,31.61348],[-97.17352,31.6135],[-97.17355,31.61353],[-97.17359,31.61355],[-97.17362,31.61357],[-97.17365,31.6136],[-97.17369,31.61362],[-97.17372,31.61365],[-97.17376,31.61368],[-97.17379,31.6137],[-97.17382,31.61373],[-97.17385,31.61376],[-97.17388,31.61379],[-97.17391,31.61381],[-97.17394,31.61384],[-97.17397,31.61387],[-97.174,31.6139],[-97.17402,31.61393],[-97.17405,31.61396],[-97.17408,31.61399],[-97.17419,31.61414],[-97.17423,31.61419],[-97.17427,31.61424],[-97.17431,31.61429],[-97.17435,31.61434],[-97.17438,31.61439],[-97.17441,31.61442],[-97.17442,31.61444],[-97.17445,31.61449],[-97.17449,31.61455],[-97.17452,31.6146],[-97.17455,31.61465],[-97.17458,31.61471],[-97.17461,31.61476],[-97.17464,31.61482],[-97.17467,31.61487],[-97.17469,31.61493],[-97.1747,31.61495],[-97.17473,31.615],[-97.17516,31.61591],[-97.17573,31.61715],[-97.17584,31.61743],[-97.17617,31.61824],[-97.17623,31.61846],[-97.17624,31.61851],[-97.17626,31.61856],[-97.17628,31.6186],[-97.17629,31.61865],[-97.17631,31.6187],[-97.17632,31.61874],[-97.17633,31.61879],[-97.17634,31.61884],[-97.17652,31.61918],[-97.17652,31.61919],[-97.17709,31.62094],[-97.17724,31.62106],[-97.17791,31.62261],[-97.17818,31.62372],[-97.17819,31.62436],[-97.17824,31.62458],[-97.1783,31.6248],[-97.17839,31.62515],[-97.17848,31.6255],[-97.17857,31.62585],[-97.17864,31.6262],[-97.17867,31.6263],[-97.17901,31.62772],[-97.1792,31.62855],[-97.17952,31.62849],[-97.17996,31.62841],[-97.17994,31.6283],[-97.17992,31.62821],[-97.1799,31.6281],[-97.17987,31.62798],[-97.17984,31.62786],[-97.17981,31.62775],[-97.17979,31.62767],[-97.17977,31.62761],[-97.17975,31.62754],[-97.17974,31.62752],[-97.17973,31.62747],[-97.17971,31.62739],[-97.17969,31.62729],[-97.17968,31.62723],[-97.17967,31.6272],[-97.17966,31.62712],[-97.17965,31.62702],[-97.17964,31.62698],[-97.17963,31.62695],[-97.17963,31.62692],[-97.17962,31.62688],[-97.17962,31.62683],[-97.17961,31.62678],[-97.1796,31.62672],[-97.17959,31.62668],[-97.17958,31.62664],[-97.17956,31.62656],[-97.17954,31.62648],[-97.17953,31.62642],[-97.17952,31.62638],[-97.17952,31.62632],[-97.17952,31.62627],[-97.17952,31.62623],[-97.17952,31.62616],[-97.17952,31.62613],[-97.17951,31.62608],[-97.17951,31.62604],[-97.1795,31.62599],[-97.17949,31.62594],[-97.17948,31.62589],[-97.17947,31.62585],[-97.17946,31.6258],[-97.17945,31.62575],[-97.17944,31.62571],[-97.17943,31.62566],[-97.17942,31.62561],[-97.17941,31.62557],[-97.1794,31.62554],[-97.1794,31.62552],[-97.17938,31.62545],[-97.17936,31.62538],[-97.17935,31.6253],[-97.17933,31.62522],[-97.17932,31.62516],[-97.17931,31.6251],[-97.17929,31.62504],[-97.17929,31.62501],[-97.17927,31.62496],[-97.17924,31.62487],[-97.17921,31.62479],[-97.17919,31.62475],[-97.17917,31.6247],[-97.17914,31.6246],[-97.1791,31.62449],[-97.17909,31.62445],[-97.17906,31.62437],[-97.17905,31.62433],[-97.17904,31.62427],[-97.17903,31.62425],[-97.17903,31.62424],[-97.179,31.62415],[-97.179,31.62412],[-97.17898,31.62407],[-97.17897,31.62401],[-97.17897,31.62399],[-97.17897,31.62396],[-97.17896,31.62392],[-97.17895,31.62388],[-97.17893,31.62374],[-97.17893,31.62373],[-97.17892,31.62368],[-97.17892,31.62363],[-97.17891,31.62359],[-97.1789,31.62354],[-97.1789,31.6235],[-97.17888,31.62345],[-97.17887,31.6234],[-97.17886,31.62336],[-97.17885,31.62331],[-97.17884,31.62326],[-97.17883,31.62321],[-97.17882,31.62316],[-97.17881,31.62312],[-97.17881,31.62307],[-97.1788,31.62302],[-97.17879,31.62298],[-97.17878,31.62293],[-97.17877,31.62288],[-97.17876,31.62284],[-97.17875,31.62279],[-97.17873,31.62274],[-97.17871,31.62267],[-97.17869,31.6226],[-97.17866,31.62252],[-97.17863,31.62244],[-97.17861,31.62238],[-97.17859,31.62233],[-97.17856,31.62228],[-97.17854,31.62223],[-97.17852,31.6222],[-97.1785,31.62215],[-97.17849,31.62211],[-97.17847,31.62204],[-97.17845,31.62199],[-97.17842,31.62192],[-97.17839,31.62183],[-97.17837,31.62178],[-97.17836,31.62175],[-97.17834,31.62169],[-97.17832,31.62163],[-97.17831,31.62159],[-97.17829,31.62154],[-97.17827,31.62149],[-97.17825,31.62143],[-97.17822,31.62136],[-97.17818,31.62128],[-97.17815,31.62121],[-97.17812,31.62115],[-97.17809,31.62109],[-97.17806,31.62104],[-97.17803,31.62096],[-97.178,31.62089],[-97.17796,31.62082],[-97.17793,31.62076],[-97.17791,31.6207],[-97.17788,31.62064],[-97.17787,31.62062],[-97.17784,31.62057],[-97.17781,31.62049],[-97.17779,31.62041],[-97.17777,31.62035],[-97.17776,31.62029],[-97.17774,31.62023],[-97.17771,31.62016],[-97.17768,31.62008],[-97.17765,31.62001],[-97.17763,31.61995],[-97.1776,31.6199],[-97.17759,31.61985],[-97.17756,31.61981],[-97.17754,31.61976],[-97.17753,31.61972],[-97.1775,31.61965],[-97.17748,31.61958],[-97.17746,31.61954],[-97.17745,31.6195],[-97.17743,31.61945],[-97.17742,31.61941],[-97.17741,31.61936],[-97.1774,31.61932],[-97.17738,31.61927],[-97.17736,31.61923],[-97.17734,31.61918],[-97.17732,31.61914],[-97.17732,31.61913],[-97.1773,31.61907],[-97.17729,31.61902],[-97.17727,31.61895],[-97.17724,31.61886],[-97.17722,31.61877],[-97.17719,31.61868],[-97.17716,31.61859],[-97.17713,31.61849],[-97.1771,31.6184],[-97.17707,31.61831],[-97.17705,31.61823],[-97.17703,31.61817],[-97.17702,31.61812],[-97.177,31.61807],[-97.177,31.61805],[-97.17687,31.61782],[-97.17682,31.61773],[-97.1768,31.61768],[-97.17675,31.61759],[-97.17672,31.61752],[-97.1767,31.61747],[-97.17641,31.61681],[-97.17637,31.61673],[-97.17635,31.61669],[-97.1763,31.61657],[-97.17623,31.61642],[-97.17614,31.61624],[-97.17614,31.61619],[-97.17612,31.61614],[-97.17611,31.6161],[-97.17609,31.61606],[-97.17609,31.61599],[-97.17609,31.61589],[-97.17609,31.61575],[-97.17609,31.61566],[-97.17606,31.61558],[-97.17602,31.61547],[-97.17594,31.61537],[-97.1759,31.61531],[-97.17582,31.61519],[-97.17577,31.61512],[-97.17574,31.61507],[-97.1756,31.61486],[-97.17544,31.61461],[-97.17535,31.61447],[-97.17526,31.61434],[-97.17497,31.61393],[-97.17481,31.6137],[-97.1746,31.61346],[-97.17453,31.61338],[-97.17448,31.6133],[-97.17441,31.61322],[-97.17431,31.61315],[-97.17423,31.61307],[-97.17413,31.61298],[-97.17404,31.6129],[-97.17389,31.61279],[-97.17379,31.61272],[-97.1737,31.61265],[-97.17358,31.61257],[-97.17355,31.61256],[-97.17353,31.61255],[-97.17349,31.61254],[-97.17342,31.61253],[-97.17338,31.61253],[-97.17334,31.61252],[-97.17332,31.61252],[-97.17327,31.61251],[-97.17317,31.61245],[-97.17308,31.61247],[-97.17302,31.61248],[-97.17285,31.6125],[-97.17261,31.6125],[-97.17253,31.61248],[-97.17244,31.61245],[-97.17163,31.61251],[-97.17088,31.61277],[-97.17077,31.61278],[-97.17026,31.61283],[-97.17017,31.61286],[-97.17011,31.61273],[-97.17001,31.61256],[-97.17084,31.61215],[-97.17143,31.61186],[-97.17246,31.61136],[-97.1727,31.61123],[-97.1744,31.61035],[-97.17446,31.61036],[-97.17617,31.60949],[-97.17633,31.60953],[-97.17635,31.60953],[-97.17638,31.60954],[-97.17642,31.60954],[-97.17644,31.60954],[-97.17646,31.60954],[-97.17649,31.60954],[-97.17651,31.60953],[-97.1766,31.60955],[-97.17721,31.60961],[-97.17795,31.60969],[-97.1788,31.60978],[-97.18061,31.60996],[-97.18083,31.60999],[-97.18304,31.61022],[-97.18457,31.61033],[-97.18486,31.61033],[-97.18516,31.61033],[-97.18525,31.61033],[-97.18544,31.61032],[-97.18557,31.61031],[-97.18539,31.6104],[-97.18541,31.61044],[-97.18544,31.61047],[-97.18563,31.61074],[-97.1854,31.61086],[-97.18549,31.61097],[-97.1857,31.61127],[-97.18563,31.6113],[-97.1858,31.6116],[-97.18606,31.61201],[-97.18659,31.61172],[-97.18674,31.61219],[-97.18664,31.61225],[-97.18661,31.61226],[-97.18656,31.61229],[-97.18659,31.61254],[-97.18672,31.6129],[-97.18681,31.61316],[-97.1869,31.61341],[-97.18656,31.61359],[-97.18629,31.61373],[-97.18601,31.61387],[-97.18619,31.61414],[-97.18623,31.61419],[-97.18626,31.61423],[-97.18646,31.61451],[-97.18705,31.61423],[-97.18797,31.61544],[-97.18821,31.61575],[-97.1882,31.61576],[-97.18987,31.61804],[-97.18999,31.61821],[-97.19009,31.61816],[-97.19056,31.61791],[-97.19075,31.6178],[-97.19084,31.61776],[-97.1909,31.61773],[-97.19103,31.61766],[-97.19115,31.61781],[-97.19118,31.61786],[-97.19136,31.61777],[-97.19169,31.6176],[-97.19245,31.61721],[-97.19248,31.61719],[-97.1929,31.617],[-97.19276,31.61668],[-97.19263,31.61638],[-97.19243,31.61598],[-97.19239,31.61592],[-97.19222,31.61572],[-97.19206,31.61552],[-97.19192,31.61536],[-97.19173,31.61511],[-97.19128,31.6145],[-97.19118,31.61436],[-97.191,31.61411],[-97.19089,31.61393],[-97.19079,31.61382],[-97.19056,31.61353],[-97.19036,31.61362],[-97.18953,31.61393],[-97.18934,31.61333],[-97.1893,31.61312],[-97.18923,31.61316],[-97.18916,31.61301],[-97.18877,31.61253],[-97.1888,31.61247],[-97.18881,31.61238],[-97.18886,31.61216],[-97.18887,31.61212],[-97.18899,31.61148],[-97.18905,31.61116],[-97.18909,31.61097],[-97.18913,31.61076],[-97.18914,31.61073],[-97.18916,31.61064],[-97.1892,31.61043],[-97.18978,31.61052],[-97.19115,31.61068],[-97.19138,31.61072],[-97.1917,31.61073],[-97.19201,31.61073],[-97.19293,31.61072],[-97.19373,31.61072],[-97.19701,31.61025],[-97.19721,31.61058],[-97.19727,31.61068],[-97.19753,31.61108],[-97.19763,31.61103],[-97.19912,31.61027],[-97.19913,31.6103],[-97.19917,31.61038],[-97.1992,31.61045],[-97.19923,31.61052],[-97.19925,31.61059],[-97.19928,31.61067],[-97.19931,31.61074],[-97.19933,31.61082],[-97.19935,31.61089],[-97.19937,31.61096],[-97.19939,31.61104],[-97.1994,31.61111],[-97.19942,31.61119],[-97.19944,31.61127],[-97.19945,31.61135],[-97.19949,31.61151],[-97.1995,31.61157],[-97.19952,31.61163],[-97.19953,31.61168],[-97.19955,31.61174],[-97.19957,31.6118],[-97.19959,31.61185],[-97.19962,31.61191],[-97.19964,31.61197],[-97.19966,31.61202],[-97.19969,31.61208],[-97.19972,31.61213],[-97.19974,31.61219],[-97.19977,31.61224],[-97.1998,31.61229],[-97.19983,31.61235],[-97.19987,31.6124],[-97.19991,31.61247],[-97.19993,31.6125],[-97.19997,31.61256],[-97.2,31.61261],[-97.20004,31.61266],[-97.20008,31.6127],[-97.20012,31.61275],[-97.20016,31.6128],[-97.2002,31.61285],[-97.20025,31.6129],[-97.20029,31.61293],[-97.20032,31.61297],[-97.20036,31.613],[-97.2004,31.61302],[-97.20044,31.61305],[-97.20048,31.61308],[-97.20052,31.61311],[-97.20056,31.61314],[-97.20061,31.61316],[-97.20065,31.61319],[-97.20069,31.61322],[-97.20073,31.61324],[-97.20078,31.61326],[-97.20082,31.61329],[-97.20087,31.61331],[-97.20091,31.61333],[-97.20096,31.61335],[-97.20101,31.61337],[-97.20105,31.61339],[-97.2011,31.61341],[-97.20115,31.61343],[-97.20119,31.61345],[-97.20124,31.61347],[-97.20129,31.61348],[-97.20134,31.6135],[-97.20138,31.61351],[-97.20156,31.61357],[-97.20174,31.61363],[-97.20193,31.61368],[-97.20211,31.61372],[-97.2023,31.61375],[-97.20249,31.61379],[-97.20268,31.61381],[-97.20287,31.61383],[-97.20307,31.61384],[-97.20313,31.61384],[-97.20326,31.61384],[-97.20344,31.61384],[-97.20383,31.61434],[-97.20297,31.61478],[-97.20274,31.61492],[-97.20268,31.61495],[-97.20188,31.61538],[-97.20167,31.61549],[-97.20177,31.61564],[-97.20178,31.6157],[-97.20145,31.61584],[-97.20106,31.61603],[-97.20079,31.61568],[-97.20062,31.61545],[-97.19967,31.61596],[-97.19946,31.61606],[-97.19941,31.61607],[-97.20012,31.61708],[-97.20013,31.6171],[-97.20033,31.61738],[-97.20064,31.61781],[-97.20066,31.6178],[-97.20106,31.61758],[-97.20115,31.61753],[-97.20202,31.61713],[-97.20207,31.61719],[-97.2033,31.61904],[-97.20314,31.61912],[-97.20362,31.6198],[-97.20404,31.62041],[-97.20441,31.62095],[-97.20687,31.62457],[-97.2071,31.62491],[-97.20962,31.62362],[-97.20959,31.62376],[-97.20965,31.62416],[-97.2097,31.62473],[-97.2097,31.62474],[-97.20979,31.62528],[-97.21012,31.62591],[-97.21155,31.62794],[-97.2142,31.63171],[-97.21661,31.63513],[-97.21666,31.63521],[-97.21967,31.63965],[-97.21987,31.63954],[-97.22022,31.63937],[-97.22033,31.63932],[-97.2294,31.63476],[-97.23172,31.63359],[-97.23232,31.63329],[-97.2334,31.63274],[-97.23385,31.63252],[-97.23397,31.63247],[-97.23455,31.63218],[-97.23481,31.63206],[-97.23498,31.6323],[-97.23509,31.63246],[-97.2352,31.63262],[-97.23532,31.63279],[-97.23544,31.63296],[-97.23569,31.63333],[-97.23601,31.63379],[-97.23612,31.63395],[-97.23659,31.63462],[-97.23774,31.63403],[-97.23913,31.63603],[-97.23968,31.63682],[-97.23981,31.63701],[-97.23996,31.63723],[-97.24004,31.63735],[-97.24012,31.63747],[-97.24022,31.63761],[-97.24027,31.63768],[-97.24032,31.63775],[-97.24056,31.63809],[-97.2408,31.63843],[-97.24098,31.6387],[-97.24113,31.63891],[-97.24121,31.63902],[-97.24129,31.63914],[-97.24137,31.63926],[-97.24146,31.63938],[-97.24154,31.6395],[-97.24172,31.63975],[-97.24184,31.63993],[-97.23962,31.64094],[-97.23967,31.64101],[-97.23969,31.64104],[-97.24088,31.64273],[-97.2417,31.64389],[-97.24173,31.64387],[-97.24199,31.64375],[-97.24845,31.64042],[-97.24901,31.64003],[-97.24932,31.63981],[-97.25001,31.63945],[-97.25013,31.63939],[-97.25028,31.63931],[-97.25392,31.63739],[-97.2546,31.63703],[-97.25531,31.63789],[-97.25641,31.63922],[-97.25642,31.63923],[-97.25649,31.63919],[-97.25889,31.63798],[-97.26012,31.63736],[-97.26055,31.63714],[-97.26274,31.63602],[-97.26437,31.63516],[-97.26483,31.63493],[-97.26487,31.6349],[-97.26492,31.63497],[-97.26547,31.63577],[-97.26665,31.63748],[-97.26668,31.63752],[-97.26673,31.63758],[-97.26692,31.63787],[-97.26701,31.638],[-97.26704,31.63803],[-97.26706,31.63805],[-97.26726,31.63827],[-97.26726,31.6381],[-97.2719,31.63575],[-97.27218,31.63615],[-97.27261,31.63686],[-97.27321,31.63785],[-97.27371,31.63867],[-97.27305,31.63899],[-97.27271,31.63917],[-97.27366,31.64115],[-97.27552,31.64504],[-97.27553,31.64506],[-97.27625,31.64471],[-97.27676,31.64446],[-97.27777,31.64396],[-97.28087,31.64244],[-97.28111,31.64232],[-97.28073,31.64194],[-97.2802,31.64144],[-97.27986,31.64107],[-97.2794,31.64053],[-97.2792,31.64029],[-97.27836,31.63914],[-97.27849,31.63906],[-97.28036,31.63809],[-97.28151,31.63743],[-97.2829,31.63661],[-97.2836,31.6362],[-97.2838,31.63608],[-97.28391,31.63601],[-97.28397,31.63595],[-97.28401,31.63591],[-97.28403,31.63586],[-97.28411,31.63565],[-97.28437,31.63568],[-97.28445,31.6357],[-97.28463,31.6356],[-97.28487,31.63546],[-97.28494,31.63542],[-97.28498,31.63539],[-97.2849,31.63531],[-97.28483,31.63517],[-97.2848,31.63512],[-97.28469,31.63493],[-97.28459,31.6348],[-97.28448,31.63466],[-97.28404,31.63405],[-97.28392,31.63388],[-97.28323,31.63284],[-97.28318,31.6328],[-97.28314,31.63274],[-97.28323,31.63268],[-97.28356,31.63249],[-97.28602,31.6311],[-97.28996,31.62884],[-97.29073,31.6284],[-97.29091,31.6283],[-97.29108,31.6282],[-97.29123,31.62809],[-97.29135,31.62801],[-97.29138,31.62798],[-97.29153,31.62787],[-97.29168,31.62775],[-97.29182,31.62763],[-97.29194,31.62752],[-97.29199,31.62747],[-97.29206,31.6274],[-97.29218,31.62728],[-97.29229,31.62715],[-97.29239,31.62702],[-97.29249,31.6269],[-97.29256,31.6268],[-97.29258,31.62678],[-97.29267,31.62665],[-97.29276,31.6265],[-97.29285,31.62634],[-97.29299,31.62616],[-97.29309,31.62586],[-97.29316,31.6257],[-97.29322,31.62553],[-97.29327,31.62537],[-97.29332,31.6252],[-97.29335,31.62503],[-97.29338,31.62486],[-97.2934,31.6247],[-97.29342,31.62451],[-97.29343,31.62433],[-97.29343,31.62415],[-97.29343,31.62397],[-97.29342,31.62378],[-97.2934,31.6236],[-97.29337,31.62342],[-97.29334,31.62324],[-97.29331,31.62313],[-97.2933,31.6231],[-97.29327,31.623],[-97.29325,31.6229],[-97.29308,31.62232],[-97.29281,31.62142],[-97.29278,31.62131],[-97.29277,31.62126],[-97.29206,31.61883],[-97.29149,31.61694],[-97.29109,31.61557],[-97.29107,31.61546],[-97.29094,31.61501],[-97.2909,31.61487],[-97.29088,31.61473],[-97.29086,31.6146],[-97.29086,31.61446],[-97.29086,31.61432],[-97.29086,31.61418],[-97.29088,31.61404],[-97.2909,31.61391],[-97.29094,31.61377],[-97.29098,31.61364],[-97.29109,31.6138],[-97.29403,31.61792],[-97.2941,31.61801],[-97.29867,31.61573],[-97.29887,31.61589],[-97.30012,31.61613],[-97.30015,31.61616],[-97.30112,31.61696],[-97.30128,31.61658],[-97.30146,31.61615],[-97.30613,31.6169],[-97.30668,31.61675],[-97.30741,31.61689],[-97.30752,31.61691],[-97.30883,31.61717],[-97.30901,31.61745],[-97.30924,31.61745],[-97.30946,31.6181],[-97.30961,31.61827],[-97.30943,31.61847],[-97.30935,31.61855],[-97.30953,31.61943],[-97.30956,31.61954],[-97.30978,31.61897],[-97.30994,31.61855],[-97.31012,31.61812],[-97.31015,31.61765],[-97.31031,31.61714],[-97.31046,31.61668],[-97.31381,31.61709],[-97.31428,31.61715],[-97.31765,31.617],[-97.31755,31.61687],[-97.31744,31.61686],[-97.3174,31.61676],[-97.317,31.61577],[-97.31787,31.61553],[-97.31881,31.61526],[-97.31974,31.615],[-97.32063,31.61475],[-97.32105,31.61463],[-97.32145,31.6143],[-97.3228,31.61317],[-97.3249,31.61158],[-97.32448,31.61079],[-97.32428,31.6104],[-97.32394,31.60974],[-97.32689,31.60735],[-97.32761,31.60696],[-97.32833,31.60657],[-97.32966,31.60589],[-97.33197,31.60601],[-97.33351,31.60607],[-97.3378,31.60822],[-97.34079,31.60956],[-97.34098,31.60946]],[[-97.19393,31.49467],[-97.19396,31.49471],[-97.19251,31.49543],[-97.19238,31.4955],[-97.1914,31.49598],[-97.19132,31.49602],[-97.19125,31.49605],[-97.19098,31.49564],[-97.19085,31.49545],[-97.19061,31.4951],[-97.19047,31.4949],[-97.18952,31.49346],[-97.18948,31.4934],[-97.18952,31.49338],[-97.18963,31.49332],[-97.19025,31.493],[-97.19069,31.49278],[-97.19137,31.49376],[-97.19154,31.49401],[-97.19163,31.49413],[-97.1922,31.49384],[-97.19307,31.49339],[-97.19313,31.49349],[-97.19319,31.49358],[-97.19393,31.49467]],[[-97.19372,31.48859],[-97.19388,31.48881],[-97.19331,31.4891],[-97.19324,31.489],[-97.1931,31.48883],[-97.1907,31.48569],[-97.19048,31.48539],[-97.18956,31.48732],[-97.19129,31.48979],[-97.19147,31.49004],[-97.1899,31.49085],[-97.18882,31.48937],[-97.18868,31.48919],[-97.18858,31.48938],[-97.18848,31.48957],[-97.18837,31.48976],[-97.18825,31.48995],[-97.18813,31.49013],[-97.18801,31.49031],[-97.18788,31.49049],[-97.18774,31.49066],[-97.18831,31.49156],[-97.18826,31.49158],[-97.18819,31.49162],[-97.18826,31.49173],[-97.18829,31.49177],[-97.18825,31.49179],[-97.18815,31.49164],[-97.18804,31.4917],[-97.18795,31.49177],[-97.18749,31.49201],[-97.18698,31.49148],[-97.1869,31.49155],[-97.18236,31.4957],[-97.18256,31.49578],[-97.18251,31.49584],[-97.1825,31.49587],[-97.18236,31.49606],[-97.18232,31.49611],[-97.18236,31.49613],[-97.18283,31.49639],[-97.1829,31.49644],[-97.18316,31.49634],[-97.18361,31.49616],[-97.18366,31.4962],[-97.18386,31.49636],[-97.18391,31.49641],[-97.18365,31.49669],[-97.18362,31.49672],[-97.18389,31.49699],[-97.18399,31.49701],[-97.18435,31.49709],[-97.18456,31.49715],[-97.18474,31.49719],[-97.18482,31.49721],[-97.18491,31.49745],[-97.18489,31.49747],[-97.18505,31.49778],[-97.18551,31.49799],[-97.18557,31.49828],[-97.18583,31.49849],[-97.18578,31.49867],[-97.18572,31.49886],[-97.18582,31.49896],[-97.1861,31.49923],[-97.18585,31.4993],[-97.18588,31.49971],[-97.1859,31.49974],[-97.186,31.50025],[-97.18608,31.50023],[-97.18625,31.50018],[-97.18641,31.50083],[-97.18669,31.50126],[-97.18729,31.50182],[-97.18771,31.50227],[-97.18772,31.50228],[-97.18786,31.50243],[-97.18761,31.50258],[-97.18707,31.50292],[-97.18693,31.50279],[-97.18511,31.50114],[-97.18419,31.5003],[-97.18415,31.50026],[-97.18411,31.50023],[-97.18293,31.49916],[-97.18062,31.49735],[-97.18049,31.49749],[-97.1804,31.4976],[-97.18028,31.49772],[-97.17992,31.49817],[-97.17982,31.4983],[-97.17963,31.49855],[-97.17927,31.49907],[-97.17923,31.49912],[-97.17892,31.49961],[-97.17873,31.49992],[-97.17869,31.5],[-97.17819,31.50086],[-97.1781,31.50101],[-97.17787,31.50142],[-97.17699,31.50291],[-97.17692,31.50284],[-97.17689,31.50282],[-97.17679,31.50274],[-97.1768,31.50273],[-97.17693,31.50251],[-97.17706,31.50227],[-97.1773,31.50186],[-97.17796,31.50071],[-97.17838,31.49999],[-97.17845,31.49986],[-97.17862,31.49958],[-97.17902,31.49897],[-97.1793,31.49854],[-97.17991,31.49775],[-97.18008,31.49755],[-97.18067,31.4969],[-97.18129,31.49628],[-97.18158,31.49599],[-97.18189,31.4957],[-97.18192,31.49568],[-97.18193,31.49566],[-97.18212,31.4955],[-97.18565,31.4923],[-97.18671,31.49132],[-97.18685,31.49119],[-97.18698,31.49106],[-97.18711,31.49092],[-97.18725,31.49077],[-97.18738,31.49062],[-97.18751,31.49047],[-97.1877,31.49022],[-97.18781,31.49007],[-97.18792,31.48992],[-97.18803,31.48975],[-97.18814,31.48957],[-97.18825,31.48939],[-97.18834,31.48921],[-97.18844,31.48902],[-97.18904,31.48778],[-97.18909,31.48768],[-97.19024,31.48527],[-97.19033,31.48508],[-97.19037,31.48499],[-97.19051,31.48507],[-97.19099,31.48534],[-97.19199,31.48623],[-97.19372,31.48859]],[[-97.17692,31.49322],[-97.17688,31.49328],[-97.17646,31.49391],[-97.17625,31.49422],[-97.17574,31.49499],[-97.17572,31.49501],[-97.17567,31.49509],[-97.17559,31.49521],[-97.17557,31.49519],[-97.17554,31.49519],[-97.17549,31.4952],[-97.17542,31.4952],[-97.17536,31.49521],[-97.1753,31.49523],[-97.17521,31.49525],[-97.17519,31.49526],[-97.17517,31.49527],[-97.17516,31.49527],[-97.17514,31.49528],[-97.17513,31.49529],[-97.17512,31.49529],[-97.1751,31.4953],[-97.17509,31.49531],[-97.17507,31.49531],[-97.17506,31.49532],[-97.17504,31.49533],[-97.17503,31.49534],[-97.17502,31.49535],[-97.175,31.49535],[-97.17494,31.4954],[-97.17492,31.49537],[-97.1749,31.49535],[-97.17488,31.49533],[-97.17486,31.4953],[-97.17485,31.49528],[-97.17481,31.49524],[-97.17478,31.4952],[-97.17474,31.49516],[-97.1747,31.49512],[-97.17466,31.49508],[-97.17462,31.49504],[-97.17458,31.495],[-97.17457,31.49499],[-97.1745,31.49491],[-97.17403,31.49458],[-97.17397,31.49456],[-97.17394,31.49454],[-97.17389,31.49451],[-97.17384,31.49448],[-97.17379,31.49446],[-97.17373,31.49443],[-97.17368,31.49441],[-97.17363,31.49438],[-97.17357,31.49436],[-97.17353,31.49435],[-97.17352,31.49434],[-97.17346,31.49432],[-97.17341,31.4943],[-97.17335,31.49428],[-97.17262,31.49402],[-97.17253,31.49399],[-97.17221,31.49388],[-97.17198,31.4938],[-97.17086,31.49341],[-97.17058,31.49331],[-97.17055,31.4933],[-97.17052,31.49329],[-97.17049,31.49328],[-97.17046,31.49326],[-97.17044,31.49325],[-97.17041,31.49324],[-97.17038,31.49322],[-97.17036,31.49321],[-97.17035,31.49321],[-97.17032,31.49319],[-97.1703,31.49317],[-97.17027,31.49316],[-97.17024,31.49314],[-97.17022,31.49312],[-97.17019,31.4931],[-97.17017,31.49309],[-97.17014,31.49307],[-97.17011,31.49305],[-97.17009,31.49303],[-97.17007,31.49301],[-97.17004,31.49299],[-97.17002,31.49297],[-97.17,31.49295],[-97.16998,31.49293],[-97.16995,31.49291],[-97.16993,31.49289],[-97.16991,31.49286],[-97.16989,31.49284],[-97.16987,31.49282],[-97.16985,31.4928],[-97.16983,31.49277],[-97.16981,31.49275],[-97.16979,31.49272],[-97.16978,31.4927],[-97.16976,31.49268],[-97.16961,31.49253],[-97.16952,31.49254],[-97.16951,31.4925],[-97.16923,31.49183],[-97.17037,31.49144],[-97.17096,31.49114],[-97.17194,31.49067],[-97.17231,31.49048],[-97.17242,31.49063],[-97.17245,31.49068],[-97.17303,31.49147],[-97.17306,31.49151],[-97.17309,31.49156],[-97.17316,31.49165],[-97.17357,31.49198],[-97.17358,31.49198],[-97.17361,31.49199],[-97.17383,31.49206],[-97.17385,31.49207],[-97.17431,31.49222],[-97.17504,31.49249],[-97.17511,31.49251],[-97.17576,31.49276],[-97.17599,31.49285],[-97.17608,31.49289],[-97.17665,31.49312],[-97.17666,31.49312],[-97.17677,31.49316],[-97.17692,31.49322]],[[-97.17454,31.48216],[-97.1744,31.48247],[-97.17428,31.48243],[-97.174,31.48233],[-97.17353,31.48216],[-97.17358,31.48206],[-97.17364,31.48197],[-97.17367,31.48192],[-97.17344,31.48184],[-97.17302,31.48169],[-97.17294,31.48165],[-97.17263,31.48154],[-97.17235,31.48144],[-97.17237,31.4814],[-97.17241,31.48131],[-97.17224,31.48117],[-97.17219,31.48114],[-97.1723,31.48116],[-97.17233,31.48118],[-97.17239,31.48121],[-97.17245,31.48122],[-97.17251,31.48122],[-97.17255,31.48122],[-97.1726,31.48121],[-97.17265,31.48119],[-97.1727,31.48119],[-97.17282,31.4812],[-97.17293,31.48125],[-97.17307,31.48132],[-97.17323,31.48144],[-97.17344,31.48158],[-97.1736,31.48173],[-97.17382,31.48187],[-97.17402,31.48196],[-97.17426,31.48207],[-97.17454,31.48216]],[[-97.17319,31.4851],[-97.17278,31.48599],[-97.17167,31.48563],[-97.17172,31.48554],[-97.1718,31.48537],[-97.17187,31.4852],[-97.17189,31.48516],[-97.17195,31.48504],[-97.17202,31.48487],[-97.17209,31.48472],[-97.17319,31.4851]],[[-97.17092,31.48889],[-97.17112,31.48907],[-97.17078,31.48946],[-97.17055,31.48964],[-97.17048,31.48969],[-97.17011,31.48948],[-97.16957,31.48916],[-97.16957,31.48852],[-97.1696,31.48849],[-97.1701,31.48812],[-97.17038,31.48839],[-97.17092,31.48889]],[[-97.17073,31.49884],[-97.1704,31.49873],[-97.16787,31.49786],[-97.16775,31.49782],[-97.16825,31.49677],[-97.16825,31.49678],[-97.17073,31.49884]],[[-97.16985,31.51486],[-97.16982,31.51548],[-97.16976,31.51581],[-97.16962,31.51617],[-97.1695,31.51644],[-97.16937,31.51665],[-97.16946,31.51674],[-97.16903,31.51702],[-97.16867,31.51725],[-97.16835,31.51746],[-97.16791,31.51774],[-97.1674,31.51806],[-97.1669,31.51838],[-97.16656,31.5186],[-97.16612,31.5189],[-97.16321,31.52074],[-97.16203,31.5215],[-97.16155,31.52185],[-97.1611,31.52219],[-97.16007,31.52306],[-97.15925,31.52387],[-97.15858,31.52465],[-97.15777,31.52572],[-97.15726,31.5265],[-97.15516,31.52632],[-97.15567,31.52678],[-97.15662,31.52763],[-97.15639,31.52806],[-97.15603,31.52872],[-97.15523,31.53015],[-97.15495,31.53065],[-97.15455,31.53135],[-97.15422,31.53186],[-97.15383,31.53154],[-97.15378,31.5315],[-97.1537,31.53144],[-97.15364,31.53141],[-97.15361,31.5314],[-97.15233,31.5303],[-97.15101,31.52907],[-97.15045,31.52869],[-97.14998,31.52837],[-97.14948,31.52797],[-97.14858,31.52717],[-97.14804,31.52676],[-97.14751,31.52723],[-97.14715,31.52754],[-97.14657,31.52805],[-97.14571,31.5288],[-97.14482,31.52958],[-97.14476,31.52962],[-97.14406,31.52903],[-97.14356,31.52861],[-97.14295,31.52812],[-97.1426,31.52783],[-97.14165,31.52703],[-97.14049,31.52605],[-97.14024,31.52623],[-97.13864,31.52507],[-97.13878,31.52486],[-97.13906,31.52451],[-97.14072,31.52458],[-97.14111,31.52479],[-97.14196,31.52476],[-97.14239,31.52475],[-97.14261,31.52461],[-97.14276,31.52459],[-97.14288,31.5246],[-97.1432,31.52476],[-97.14363,31.52499],[-97.14877,31.52554],[-97.14881,31.52551],[-97.15069,31.52395],[-97.15082,31.52376],[-97.15105,31.52364],[-97.15159,31.52322],[-97.15342,31.52168],[-97.15371,31.52134],[-97.15601,31.51955],[-97.15671,31.51885],[-97.15752,31.51823],[-97.1583,31.51756],[-97.15904,31.51681],[-97.15965,31.51655],[-97.15974,31.51651],[-97.15974,31.51632],[-97.16033,31.51579],[-97.16211,31.51421],[-97.16222,31.51428],[-97.16305,31.5149],[-97.16391,31.51558],[-97.16395,31.51561],[-97.16409,31.51549],[-97.16431,31.51531],[-97.16447,31.51517],[-97.16615,31.5137],[-97.16714,31.51283],[-97.16754,31.51247],[-97.16803,31.51203],[-97.16808,31.51207],[-97.16827,31.5123],[-97.16958,31.51387],[-97.16974,31.5143],[-97.16985,31.51486]],[[-97.1678,31.49459],[-97.16754,31.49512],[-97.16724,31.49573],[-97.16609,31.49479],[-97.16641,31.49413],[-97.1666,31.49375],[-97.16665,31.49365],[-97.1678,31.49459]],[[-97.09759,31.56008],[-97.09758,31.56182],[-97.09758,31.56384],[-97.09758,31.56487],[-97.09758,31.56509],[-97.09741,31.56517],[-97.09617,31.56581],[-97.09575,31.56519],[-97.09332,31.56645],[-97.09237,31.56694],[-97.09228,31.56698],[-97.09218,31.56702],[-97.09208,31.56705],[-97.09198,31.56708],[-97.09188,31.56711],[-97.09137,31.56719],[-97.08773,31.56783],[-97.08736,31.56788],[-97.08707,31.56791],[-97.086,31.56695],[-97.08427,31.56542],[-97.08502,31.56503],[-97.08446,31.56436],[-97.08405,31.56387],[-97.08392,31.5637],[-97.0838,31.56356],[-97.08254,31.5642],[-97.08178,31.5632],[-97.08043,31.56392],[-97.07736,31.56556],[-97.07639,31.56607],[-97.07618,31.56575],[-97.07607,31.56555],[-97.07561,31.5649],[-97.07373,31.56579],[-97.07128,31.56694],[-97.07108,31.56703],[-97.07037,31.56737],[-97.06908,31.56797],[-97.06816,31.5684],[-97.06811,31.56817],[-97.06806,31.56789],[-97.06802,31.56756],[-97.06802,31.56735],[-97.06803,31.567],[-97.06809,31.56658],[-97.06811,31.56642],[-97.06832,31.56384],[-97.06832,31.5638],[-97.06929,31.55696],[-97.06983,31.55317],[-97.0699,31.55267],[-97.07049,31.54855],[-97.07368,31.54947],[-97.07378,31.54989],[-97.07395,31.55056],[-97.07395,31.55059],[-97.07394,31.5506],[-97.07361,31.55076],[-97.07342,31.55086],[-97.07346,31.55092],[-97.07395,31.55161],[-97.07475,31.5512],[-97.07516,31.551],[-97.07559,31.55079],[-97.07569,31.55092],[-97.07596,31.5512],[-97.07616,31.55142],[-97.07624,31.5515],[-97.07648,31.55164],[-97.07676,31.55205],[-97.07681,31.55212],[-97.0766,31.55223],[-97.07687,31.55262],[-97.07705,31.55289],[-97.07776,31.55252],[-97.07867,31.55204],[-97.07972,31.55263],[-97.08016,31.55285],[-97.08031,31.55293],[-97.0811,31.55336],[-97.08091,31.55353],[-97.08173,31.55395],[-97.08073,31.55448],[-97.0811,31.55492],[-97.08132,31.55523],[-97.08169,31.55576],[-97.08184,31.55569],[-97.08241,31.5554],[-97.0826,31.55561],[-97.08331,31.55648],[-97.08338,31.55654],[-97.08302,31.55672],[-97.08312,31.55686],[-97.08339,31.55723],[-97.08427,31.55676],[-97.08454,31.55661],[-97.08474,31.55651],[-97.08573,31.55597],[-97.08587,31.5559],[-97.08615,31.55612],[-97.08682,31.55665],[-97.08797,31.55756],[-97.09065,31.55773],[-97.09162,31.55778],[-97.09458,31.55794],[-97.09478,31.55795],[-97.09604,31.55802],[-97.09675,31.55766],[-97.09683,31.5576],[-97.09712,31.5581],[-97.09727,31.55845],[-97.09742,31.55892],[-97.09752,31.5594],[-97.09759,31.56008]]]}},{"type":"Feature","properties":{"name":"Athens-Clarke County unified government (balance) (City Limits)","submkt":"Athens-Clarke County unified government (balance) (City Limits)","metro":"Standalone","asset":"All","city":"Athens","state":"GA","geoid":"1303440","source":"Census TIGERweb incorporated places"},"geometry":{"type":"Polygon","coordinates":[[[-83.5369,33.96618],[-83.53738,33.96591],[-83.53432,33.96207],[-83.53298,33.96047],[-83.53231,33.95967],[-83.53229,33.95965],[-83.53214,33.95947],[-83.53017,33.95944],[-83.52878,33.95942],[-83.52576,33.95938],[-83.52541,33.95938],[-83.52435,33.95937],[-83.52427,33.95937],[-83.52418,33.95936],[-83.52361,33.95936],[-83.52348,33.95936],[-83.52321,33.95935],[-83.52323,33.95836],[-83.52325,33.95693],[-83.52326,33.95616],[-83.52328,33.95469],[-83.5233,33.95164],[-83.52327,33.94974],[-83.52326,33.94961],[-83.52288,33.94965],[-83.52218,33.94972],[-83.52185,33.94975],[-83.52162,33.94978],[-83.52156,33.94978],[-83.52125,33.94982],[-83.52122,33.94713],[-83.52122,33.94707],[-83.52037,33.94699],[-83.52027,33.94696],[-83.51952,33.94689],[-83.51936,33.94689],[-83.5189,33.94683],[-83.51847,33.94676],[-83.51805,33.94668],[-83.51753,33.94656],[-83.51712,33.94645],[-83.51689,33.94638],[-83.51684,33.94636],[-83.51679,33.94635],[-83.51671,33.94633],[-83.51669,33.94632],[-83.51673,33.94627],[-83.517,33.94596],[-83.5174,33.9455],[-83.51789,33.94492],[-83.51877,33.94352],[-83.51855,33.94326],[-83.51751,33.94203],[-83.51711,33.94154],[-83.51693,33.94133],[-83.51635,33.94063],[-83.5162,33.94045],[-83.51604,33.94027],[-83.5136,33.93735],[-83.51161,33.93496],[-83.51016,33.93324],[-83.50992,33.93296],[-83.50855,33.93134],[-83.50854,33.93133],[-83.50853,33.93132],[-83.5085,33.93128],[-83.50831,33.9312],[-83.5081,33.93113],[-83.50775,33.9311],[-83.50733,33.93107],[-83.50706,33.93104],[-83.50671,33.93093],[-83.50641,33.93092],[-83.50628,33.93097],[-83.50611,33.93098],[-83.5059,33.93092],[-83.50571,33.93088],[-83.50556,33.93087],[-83.5054,33.93082],[-83.50521,33.93071],[-83.5051,33.93069],[-83.50494,33.93062],[-83.50481,33.93053],[-83.50449,33.93048],[-83.50407,33.93035],[-83.5039,33.93033],[-83.50365,33.93036],[-83.5033,33.9305],[-83.50296,33.93068],[-83.50242,33.93103],[-83.5022,33.93111],[-83.50205,33.93113],[-83.50201,33.93113],[-83.5019,33.93111],[-83.50156,33.93098],[-83.50143,33.93095],[-83.50115,33.93095],[-83.50089,33.931],[-83.50057,33.93107],[-83.50003,33.93111],[-83.49988,33.93111],[-83.49925,33.93107],[-83.49868,33.93103],[-83.4985,33.93102],[-83.4984,33.93099],[-83.49833,33.93098],[-83.49808,33.93091],[-83.49765,33.93071],[-83.49733,33.93054],[-83.49686,33.9304],[-83.49668,33.93034],[-83.49654,33.93029],[-83.49644,33.93029],[-83.49631,33.93025],[-83.49606,33.93022],[-83.49581,33.93023],[-83.49544,33.93033],[-83.49449,33.93077],[-83.49413,33.93094],[-83.49365,33.93122],[-83.49333,33.9314],[-83.49263,33.9319],[-83.49207,33.93241],[-83.49196,33.93245],[-83.49168,33.93245],[-83.49118,33.93228],[-83.49074,33.93212],[-83.49007,33.93195],[-83.48907,33.93164],[-83.4884,33.93146],[-83.48778,33.93135],[-83.48775,33.93134],[-83.4877,33.93133],[-83.48766,33.93132],[-83.48748,33.9313],[-83.48721,33.93125],[-83.48644,33.93116],[-83.48637,33.93117],[-83.48615,33.93118],[-83.48592,33.93117],[-83.48572,33.93118],[-83.48561,33.93123],[-83.48544,33.93124],[-83.48535,33.93123],[-83.48521,33.93116],[-83.48476,33.93112],[-83.48425,33.93114],[-83.4839,33.93121],[-83.48384,33.93121],[-83.48378,33.93121],[-83.48354,33.93122],[-83.48343,33.93122],[-83.48267,33.93096],[-83.4822,33.9308],[-83.48201,33.93072],[-83.48164,33.93045],[-83.48153,33.93032],[-83.48141,33.93016],[-83.48122,33.92998],[-83.48096,33.92982],[-83.48071,33.92973],[-83.48047,33.92967],[-83.48042,33.92966],[-83.48016,33.92963],[-83.47938,33.92967],[-83.47881,33.92962],[-83.4782,33.92949],[-83.47731,33.92925],[-83.47726,33.92924],[-83.47723,33.92923],[-83.47578,33.92897],[-83.47529,33.92889],[-83.47463,33.92893],[-83.47455,33.92891],[-83.4745,33.92893],[-83.47441,33.92895],[-83.47344,33.92904],[-83.47298,33.92915],[-83.47278,33.92924],[-83.47265,33.92927],[-83.47259,33.92931],[-83.47229,33.92952],[-83.47219,33.92962],[-83.47215,33.92976],[-83.47204,33.92989],[-83.47184,33.93006],[-83.4716,33.93021],[-83.47034,33.93086],[-83.47009,33.93095],[-83.46996,33.931],[-83.46977,33.93107],[-83.46968,33.93111],[-83.46942,33.93114],[-83.46921,33.93113],[-83.46895,33.93106],[-83.46866,33.93089],[-83.46852,33.93061],[-83.46856,33.92984],[-83.46858,33.92931],[-83.46857,33.92838],[-83.46832,33.92792],[-83.46774,33.92727],[-83.46723,33.92682],[-83.46705,33.92649],[-83.46672,33.92623],[-83.46655,33.9262],[-83.46618,33.92613],[-83.46601,33.92609],[-83.46595,33.92608],[-83.46584,33.92606],[-83.46573,33.92603],[-83.46556,33.92599],[-83.46505,33.92593],[-83.46483,33.92591],[-83.46436,33.9259],[-83.46399,33.92593],[-83.46269,33.92624],[-83.4615,33.92661],[-83.46138,33.92662],[-83.46118,33.92663],[-83.461,33.92662],[-83.46097,33.92661],[-83.46083,33.92658],[-83.46079,33.92658],[-83.46061,33.92651],[-83.46048,33.92644],[-83.4602,33.92636],[-83.45944,33.92628],[-83.45841,33.92594],[-83.4577,33.92564],[-83.45725,33.92544],[-83.45663,33.92514],[-83.4559,33.92485],[-83.4557,33.92477],[-83.45519,33.92455],[-83.45499,33.92446],[-83.45493,33.92446],[-83.45488,33.92444],[-83.45423,33.92435],[-83.45412,33.92435],[-83.454,33.92433],[-83.45309,33.92432],[-83.45222,33.92447],[-83.45212,33.92448],[-83.4502,33.92462],[-83.45008,33.92462],[-83.45006,33.92463],[-83.45002,33.92463],[-83.44994,33.92467],[-83.44985,33.92472],[-83.44976,33.92486],[-83.44974,33.92511],[-83.44979,33.92536],[-83.44972,33.92556],[-83.44957,33.92565],[-83.44939,33.92573],[-83.4491,33.92574],[-83.44853,33.92572],[-83.44804,33.92568],[-83.44749,33.9256],[-83.44704,33.92549],[-83.44655,33.92531],[-83.44606,33.92506],[-83.44582,33.92496],[-83.4455,33.92487],[-83.44527,33.92482],[-83.44522,33.92481],[-83.44507,33.92476],[-83.44494,33.92473],[-83.44483,33.92466],[-83.44465,33.92451],[-83.44418,33.92412],[-83.4438,33.92389],[-83.44366,33.9238],[-83.44358,33.92375],[-83.44339,33.92362],[-83.44333,33.92358],[-83.44325,33.92356],[-83.44323,33.92354],[-83.44313,33.9235],[-83.44305,33.92347],[-83.44283,33.92338],[-83.44269,33.92337],[-83.4425,33.92336],[-83.44157,33.92329],[-83.44141,33.92328],[-83.44093,33.92323],[-83.4408,33.92321],[-83.44065,33.92317],[-83.44042,33.9231],[-83.44027,33.92306],[-83.44022,33.92304],[-83.44013,33.92302],[-83.43994,33.92296],[-83.4396,33.92284],[-83.43932,33.92275],[-83.43924,33.92272],[-83.43897,33.92263],[-83.43876,33.92256],[-83.43865,33.92251],[-83.43835,33.92246],[-83.43787,33.92255],[-83.43742,33.92263],[-83.43696,33.92271],[-83.43637,33.92278],[-83.43614,33.92277],[-83.43601,33.92277],[-83.43586,33.92273],[-83.43575,33.92267],[-83.43565,33.92267],[-83.43557,33.92268],[-83.43548,33.92272],[-83.43541,33.92273],[-83.4354,33.92278],[-83.43536,33.92287],[-83.43532,33.92291],[-83.43529,33.92303],[-83.43523,33.92322],[-83.43488,33.92353],[-83.43445,33.9238],[-83.43423,33.92391],[-83.43389,33.924],[-83.43263,33.92416],[-83.43251,33.92422],[-83.43247,33.92423],[-83.43228,33.9243],[-83.43219,33.92438],[-83.43213,33.92446],[-83.4321,33.92468],[-83.43205,33.92477],[-83.43171,33.92499],[-83.43153,33.92519],[-83.43145,33.92534],[-83.43133,33.92575],[-83.43106,33.92597],[-83.43067,33.92613],[-83.43062,33.92614],[-83.43045,33.92616],[-83.43028,33.92612],[-83.42998,33.92579],[-83.42995,33.92576],[-83.42983,33.92571],[-83.42974,33.92565],[-83.42969,33.92565],[-83.42964,33.92563],[-83.42955,33.92563],[-83.42941,33.92564],[-83.4292,33.92563],[-83.42872,33.9257],[-83.42866,33.92573],[-83.42843,33.92593],[-83.42824,33.92616],[-83.42812,33.9263],[-83.42797,33.92641],[-83.42776,33.92652],[-83.4276,33.92657],[-83.42742,33.92659],[-83.42731,33.92657],[-83.42708,33.92648],[-83.42686,33.92639],[-83.42684,33.92638],[-83.42671,33.92635],[-83.42666,33.92632],[-83.42651,33.92627],[-83.42647,33.92627],[-83.42624,33.92623],[-83.4262,33.92622],[-83.42618,33.92622],[-83.42612,33.92621],[-83.42609,33.9262],[-83.42572,33.9262],[-83.42568,33.92621],[-83.42538,33.92627],[-83.42439,33.92661],[-83.42415,33.92666],[-83.42363,33.92674],[-83.42271,33.92686],[-83.42248,33.92692],[-83.42221,33.92707],[-83.42212,33.92707],[-83.42204,33.92708],[-83.42201,33.92708],[-83.42193,33.92705],[-83.42145,33.92672],[-83.42145,33.9267],[-83.42144,33.92644],[-83.42137,33.92603],[-83.42104,33.92594],[-83.42079,33.92577],[-83.42035,33.92542],[-83.41969,33.92492],[-83.41944,33.9245],[-83.41896,33.92398],[-83.41888,33.9238],[-83.41894,33.92364],[-83.41904,33.9236],[-83.41915,33.92358],[-83.4194,33.92346],[-83.41952,33.92346],[-83.41998,33.92313],[-83.42021,33.92281],[-83.42021,33.92239],[-83.41988,33.92208],[-83.41973,33.92201],[-83.41865,33.92156],[-83.41744,33.92101],[-83.41721,33.92077],[-83.41702,33.92032],[-83.41674,33.91989],[-83.41672,33.91986],[-83.41671,33.91983],[-83.4165,33.91952],[-83.4162,33.91925],[-83.4161,33.91916],[-83.41604,33.91911],[-83.41578,33.91888],[-83.41551,33.91854],[-83.41512,33.91842],[-83.41471,33.91839],[-83.4142,33.91833],[-83.41413,33.91831],[-83.4141,33.9183],[-83.41384,33.91802],[-83.4136,33.91777],[-83.41338,33.91747],[-83.4133,33.91744],[-83.41326,33.91742],[-83.41322,33.91741],[-83.41312,33.91737],[-83.41307,33.91738],[-83.41301,33.91739],[-83.41286,33.91742],[-83.41257,33.91761],[-83.41205,33.918],[-83.41179,33.91818],[-83.41161,33.91825],[-83.41135,33.91826],[-83.4112,33.91821],[-83.41106,33.91818],[-83.41096,33.91802],[-83.41086,33.91787],[-83.41056,33.91764],[-83.41048,33.91754],[-83.41046,33.91751],[-83.41037,33.9175],[-83.41029,33.91744],[-83.40996,33.91728],[-83.40957,33.91712],[-83.40916,33.91687],[-83.40903,33.91679],[-83.40871,33.91659],[-83.40847,33.91659],[-83.40845,33.91659],[-83.40823,33.91659],[-83.40804,33.91649],[-83.40793,33.91634],[-83.40791,33.91631],[-83.40788,33.91624],[-83.40783,33.91613],[-83.40789,33.91605],[-83.40793,33.91599],[-83.40807,33.91587],[-83.40817,33.91578],[-83.40819,33.91577],[-83.40816,33.91569],[-83.40818,33.91567],[-83.40818,33.9156],[-83.40814,33.91553],[-83.40807,33.91549],[-83.40804,33.91545],[-83.40798,33.91544],[-83.40791,33.91542],[-83.40767,33.91537],[-83.40755,33.91539],[-83.4074,33.91539],[-83.4073,33.91548],[-83.40726,33.91551],[-83.40719,33.91556],[-83.40709,33.91563],[-83.40708,33.91567],[-83.40696,33.91577],[-83.40678,33.91588],[-83.40673,33.9159],[-83.40659,33.91595],[-83.40652,33.91596],[-83.40641,33.91595],[-83.40628,33.91594],[-83.40618,33.9159],[-83.40615,33.91588],[-83.40606,33.91582],[-83.40593,33.91567],[-83.40578,33.91531],[-83.40576,33.91527],[-83.40569,33.91517],[-83.40564,33.915],[-83.40562,33.91492],[-83.4056,33.91485],[-83.4056,33.91484],[-83.40563,33.91467],[-83.40564,33.91464],[-83.40572,33.91456],[-83.40587,33.91452],[-83.40593,33.91451],[-83.40604,33.91446],[-83.40614,33.91446],[-83.40628,33.91437],[-83.40629,33.91431],[-83.40633,33.91427],[-83.40631,33.91422],[-83.4063,33.91412],[-83.4062,33.91402],[-83.40617,33.91396],[-83.40597,33.91374],[-83.40592,33.9137],[-83.40589,33.91366],[-83.40564,33.91353],[-83.40555,33.91348],[-83.40533,33.91345],[-83.40514,33.91341],[-83.40503,33.9134],[-83.40494,33.91339],[-83.40489,33.91339],[-83.40485,33.91339],[-83.40477,33.91338],[-83.40435,33.91334],[-83.40424,33.91324],[-83.40431,33.91316],[-83.40456,33.91309],[-83.40473,33.91308],[-83.40481,33.91307],[-83.40485,33.91307],[-83.40488,33.91307],[-83.4049,33.91306],[-83.40494,33.91304],[-83.40496,33.91295],[-83.40494,33.91286],[-83.4049,33.91281],[-83.40488,33.91275],[-83.40483,33.91274],[-83.40477,33.91272],[-83.4047,33.9127],[-83.40464,33.91269],[-83.40456,33.91267],[-83.40426,33.91268],[-83.40415,33.91268],[-83.4038,33.91278],[-83.40359,33.91296],[-83.40358,33.91299],[-83.40346,33.91319],[-83.40334,33.91323],[-83.40323,33.91319],[-83.40292,33.91308],[-83.40268,33.91291],[-83.40261,33.91274],[-83.4026,33.9127],[-83.40267,33.91215],[-83.4027,33.91207],[-83.40268,33.91201],[-83.40271,33.91193],[-83.4027,33.91179],[-83.40261,33.91171],[-83.40245,33.91134],[-83.4024,33.91129],[-83.4023,33.91124],[-83.40225,33.9112],[-83.40222,33.91116],[-83.40174,33.91087],[-83.40144,33.91075],[-83.40097,33.91073],[-83.40072,33.91067],[-83.40069,33.91067],[-83.40067,33.91066],[-83.40063,33.91066],[-83.40047,33.91063],[-83.4001,33.91043],[-83.39957,33.91015],[-83.39887,33.91012],[-83.39843,33.91001],[-83.39822,33.90979],[-83.39765,33.90904],[-83.39724,33.90885],[-83.39677,33.90876],[-83.39644,33.90863],[-83.39629,33.90846],[-83.3961,33.90823],[-83.39535,33.90803],[-83.39459,33.90781],[-83.3943,33.90757],[-83.394,33.90695],[-83.39379,33.9064],[-83.39385,33.90619],[-83.39385,33.90614],[-83.39388,33.90603],[-83.39366,33.90464],[-83.39358,33.90414],[-83.39359,33.90407],[-83.3936,33.90399],[-83.39362,33.90383],[-83.39362,33.90377],[-83.39367,33.90298],[-83.39347,33.90229],[-83.39302,33.90181],[-83.39225,33.9014],[-83.39165,33.90083],[-83.39162,33.9008],[-83.39122,33.90038],[-83.39109,33.90026],[-83.39081,33.89997],[-83.39043,33.89971],[-83.38999,33.89952],[-83.38946,33.89941],[-83.38807,33.89945],[-83.38747,33.8994],[-83.38704,33.89933],[-83.38676,33.89929],[-83.38588,33.89912],[-83.38471,33.89894],[-83.38386,33.89888],[-83.3828,33.89865],[-83.38247,33.89839],[-83.38226,33.8981],[-83.38218,33.89786],[-83.38216,33.89778],[-83.38228,33.8975],[-83.38229,33.89748],[-83.38252,33.89722],[-83.38283,33.89699],[-83.38333,33.89683],[-83.38407,33.89669],[-83.38452,33.89651],[-83.38488,33.89617],[-83.38496,33.89581],[-83.38491,33.89545],[-83.38462,33.89518],[-83.3842,33.89488],[-83.38395,33.89478],[-83.38378,33.89471],[-83.38372,33.89469],[-83.38295,33.89449],[-83.38247,33.89418],[-83.38187,33.89371],[-83.38138,33.89363],[-83.3803,33.89349],[-83.3796,33.89327],[-83.37903,33.89301],[-83.37877,33.8927],[-83.37852,33.8922],[-83.37855,33.89137],[-83.37847,33.89109],[-83.37829,33.89093],[-83.3777,33.89076],[-83.37695,33.89051],[-83.37678,33.89045],[-83.37671,33.89043],[-83.37659,33.89039],[-83.37636,33.89004],[-83.37619,33.88966],[-83.37588,33.88913],[-83.37549,33.88873],[-83.37514,33.8882],[-83.3749,33.88767],[-83.37458,33.88715],[-83.37402,33.88634],[-83.37341,33.88559],[-83.37303,33.88537],[-83.3727,33.88531],[-83.3723,33.88553],[-83.37146,33.88622],[-83.37074,33.88678],[-83.37023,33.88694],[-83.36914,33.88721],[-83.36855,33.88736],[-83.3672,33.88773],[-83.36654,33.88785],[-83.36633,33.8878],[-83.36629,33.8878],[-83.36624,33.88779],[-83.36607,33.88758],[-83.36605,33.88756],[-83.36588,33.88735],[-83.36563,33.88655],[-83.36537,33.88589],[-83.36486,33.88545],[-83.36446,33.88518],[-83.36408,33.88466],[-83.36394,33.88406],[-83.36401,33.88356],[-83.36397,33.88297],[-83.36374,33.88258],[-83.36337,33.88235],[-83.36323,33.88226],[-83.36249,33.88171],[-83.36194,33.88128],[-83.36151,33.88066],[-83.36119,33.88003],[-83.36106,33.87955],[-83.36102,33.87903],[-83.36121,33.87807],[-83.36126,33.87759],[-83.36124,33.87744],[-83.36119,33.87697],[-83.36097,33.87653],[-83.36045,33.87601],[-83.35995,33.87557],[-83.3589,33.87514],[-83.35889,33.87513],[-83.35865,33.875],[-83.35831,33.8749],[-83.35806,33.87485],[-83.35699,33.87464],[-83.35567,33.87458],[-83.35388,33.87456],[-83.35346,33.87458],[-83.35281,33.87469],[-83.35249,33.87486],[-83.35217,33.87511],[-83.35216,33.8752],[-83.35213,33.8754],[-83.35242,33.87588],[-83.35282,33.87645],[-83.35289,33.87686],[-83.35277,33.8771],[-83.35246,33.87729],[-83.35211,33.87736],[-83.35205,33.87736],[-83.35152,33.8774],[-83.35093,33.87722],[-83.35033,33.87723],[-83.35015,33.87724],[-83.35005,33.8774],[-83.34995,33.87755],[-83.34981,33.87755],[-83.34959,33.87756],[-83.34955,33.87757],[-83.34904,33.87768],[-83.34856,33.87789],[-83.34833,33.87796],[-83.34788,33.87811],[-83.34758,33.87822],[-83.34685,33.8785],[-83.34619,33.87867],[-83.34572,33.87865],[-83.34547,33.87859],[-83.34532,33.87801],[-83.34508,33.87668],[-83.34489,33.876],[-83.34467,33.87559],[-83.34438,33.87526],[-83.34425,33.87521],[-83.34408,33.87514],[-83.34366,33.87505],[-83.34361,33.87504],[-83.34307,33.87503],[-83.3428,33.875],[-83.34239,33.87491],[-83.34202,33.87477],[-83.3417,33.87462],[-83.34121,33.8743],[-83.34077,33.87413],[-83.34051,33.87408],[-83.34019,33.87405],[-83.33908,33.874],[-83.33844,33.87386],[-83.33809,33.87374],[-83.33782,33.87361],[-83.33741,33.87334],[-83.33639,33.87259],[-83.33611,33.87238],[-83.33583,33.87218],[-83.33565,33.87205],[-83.33504,33.87161],[-83.33479,33.87149],[-83.33453,33.87141],[-83.33423,33.87137],[-83.33391,33.87135],[-83.33338,33.87139],[-83.33314,33.87141],[-83.33268,33.87139],[-83.33215,33.87128],[-83.33153,33.87108],[-83.32998,33.87034],[-83.32933,33.87007],[-83.32874,33.86976],[-83.32826,33.86946],[-83.32787,33.86918],[-83.32776,33.86909],[-83.32753,33.8689],[-83.32729,33.86864],[-83.32694,33.86817],[-83.32667,33.86783],[-83.32571,33.86689],[-83.32475,33.86581],[-83.32446,33.86541],[-83.3242,33.8649],[-83.32415,33.86484],[-83.32414,33.86482],[-83.32408,33.86473],[-83.32402,33.86455],[-83.32401,33.86436],[-83.32411,33.86408],[-83.32418,33.86336],[-83.32433,33.86265],[-83.32445,33.86212],[-83.32456,33.86182],[-83.32475,33.8615],[-83.32494,33.8613],[-83.32511,33.8612],[-83.32533,33.86112],[-83.32619,33.86097],[-83.32656,33.86087],[-83.32693,33.86074],[-83.32727,33.86058],[-83.32733,33.86055],[-83.3276,33.8604],[-83.32771,33.86028],[-83.32779,33.86015],[-83.32781,33.86001],[-83.32778,33.85989],[-83.32772,33.85978],[-83.32761,33.85966],[-83.32743,33.85954],[-83.32706,33.85936],[-83.3268,33.85924],[-83.32641,33.85899],[-83.32636,33.85896],[-83.32599,33.85866],[-83.32563,33.8583],[-83.32561,33.85828],[-83.32546,33.8581],[-83.32539,33.85783],[-83.32539,33.8578],[-83.32539,33.85778],[-83.32538,33.85753],[-83.32546,33.85723],[-83.32568,33.85683],[-83.3263,33.85598],[-83.32648,33.8558],[-83.32657,33.85571],[-83.32667,33.85561],[-83.32669,33.85559],[-83.32659,33.85554],[-83.3265,33.85548],[-83.32639,33.85543],[-83.32599,33.85525],[-83.32579,33.85517],[-83.32548,33.85505],[-83.32533,33.85502],[-83.3252,33.85497],[-83.32488,33.85489],[-83.32455,33.85482],[-83.32423,33.85477],[-83.32388,33.85473],[-83.32358,33.8547],[-83.32341,33.85469],[-83.32305,33.85466],[-83.32275,33.85466],[-83.32222,33.85464],[-83.32183,33.85462],[-83.32129,33.8546],[-83.32045,33.85455],[-83.32027,33.85455],[-83.32007,33.85455],[-83.31987,33.85455],[-83.31965,33.85455],[-83.31925,33.8546],[-83.31896,33.85465],[-83.31867,33.85471],[-83.31784,33.85487],[-83.3167,33.8551],[-83.31587,33.85528],[-83.31486,33.85549],[-83.3142,33.85562],[-83.314,33.85566],[-83.31371,33.85569],[-83.31351,33.85569],[-83.31328,33.85568],[-83.31304,33.85566],[-83.31243,33.85554],[-83.31216,33.85547],[-83.31196,33.85541],[-83.31178,33.85535],[-83.31124,33.85515],[-83.31092,33.85503],[-83.31058,33.85489],[-83.31032,33.85478],[-83.30996,33.85461],[-83.30968,33.85447],[-83.30937,33.8543],[-83.30905,33.85413],[-83.30888,33.85407],[-83.30881,33.854],[-83.30877,33.85395],[-83.30864,33.85383],[-83.30805,33.85327],[-83.30801,33.85322],[-83.30722,33.85245],[-83.30721,33.85244],[-83.3072,33.85242],[-83.30704,33.85226],[-83.30661,33.85185],[-83.30641,33.85169],[-83.30635,33.85165],[-83.30624,33.85158],[-83.30607,33.8515],[-83.30572,33.85138],[-83.30562,33.85136],[-83.30559,33.85135],[-83.30529,33.85126],[-83.30479,33.8511],[-83.30401,33.85087],[-83.3033,33.85067],[-83.30296,33.85058],[-83.30226,33.85044],[-83.30184,33.85038],[-83.3015,33.85036],[-83.30112,33.85035],[-83.29988,33.85037],[-83.29981,33.85037],[-83.29932,33.85037],[-83.29797,33.85038],[-83.29768,33.8504],[-83.29735,33.85038],[-83.29654,33.8504],[-83.29633,33.85041],[-83.29568,33.85047],[-83.29525,33.85049],[-83.29476,33.85052],[-83.2945,33.85055],[-83.29401,33.85062],[-83.29334,33.85073],[-83.29273,33.85083],[-83.2916,33.851],[-83.29096,33.85109],[-83.29046,33.85119],[-83.29006,33.85127],[-83.28968,33.85134],[-83.28955,33.85135],[-83.28922,33.85135],[-83.28903,33.85134],[-83.2889,33.85132],[-83.28873,33.85129],[-83.28864,33.85126],[-83.28856,33.85122],[-83.28845,33.85116],[-83.28833,33.85106],[-83.28812,33.85089],[-83.28803,33.85082],[-83.28791,33.85072],[-83.28784,33.85068],[-83.28777,33.85062],[-83.28773,33.85059],[-83.28765,33.85054],[-83.2876,33.8505],[-83.28757,33.85048],[-83.28754,33.85046],[-83.28753,33.85045],[-83.2875,33.85044],[-83.28745,33.85042],[-83.28739,33.8504],[-83.2873,33.85036],[-83.28671,33.85024],[-83.28638,33.85021],[-83.2857,33.85015],[-83.28541,33.85011],[-83.28456,33.84995],[-83.28443,33.84994],[-83.2842,33.84994],[-83.28397,33.84996],[-83.28384,33.84998],[-83.28377,33.84996],[-83.28369,33.84992],[-83.2836,33.84988],[-83.28338,33.84978],[-83.28282,33.84944],[-83.28266,33.84934],[-83.28218,33.84907],[-83.28208,33.84903],[-83.28198,33.84898],[-83.28193,33.84895],[-83.2818,33.84892],[-83.2816,33.84886],[-83.28146,33.84883],[-83.28131,33.84881],[-83.2808,33.84878],[-83.2797,33.84876],[-83.27933,33.84874],[-83.27896,33.84871],[-83.27872,33.84867],[-83.27851,33.84863],[-83.27804,33.8485],[-83.27773,33.84842],[-83.27682,33.84819],[-83.27623,33.84805],[-83.27605,33.848],[-83.27598,33.84798],[-83.27593,33.84798],[-83.27581,33.84828],[-83.27551,33.84848],[-83.27497,33.8494],[-83.27488,33.84955],[-83.27442,33.85028],[-83.27345,33.85184],[-83.27294,33.85267],[-83.26983,33.85766],[-83.26808,33.86047],[-83.26795,33.86067],[-83.26695,33.86231],[-83.26389,33.86734],[-83.26375,33.86756],[-83.26333,33.86823],[-83.2616,33.871],[-83.26082,33.87224],[-83.2605,33.87276],[-83.26006,33.87345],[-83.25954,33.8743],[-83.25944,33.87444],[-83.25918,33.87488],[-83.25905,33.87509],[-83.25888,33.87536],[-83.25856,33.87589],[-83.25843,33.87609],[-83.25812,33.87661],[-83.25762,33.87743],[-83.25737,33.87783],[-83.25703,33.87838],[-83.25664,33.87902],[-83.25639,33.87942],[-83.25631,33.87956],[-83.25602,33.87977],[-83.25569,33.88032],[-83.25552,33.88058],[-83.25526,33.88102],[-83.25483,33.88172],[-83.25407,33.88303],[-83.25137,33.8876],[-83.25127,33.88776],[-83.25009,33.88976],[-83.24848,33.89214],[-83.24831,33.89242],[-83.24806,33.89282],[-83.24736,33.89393],[-83.24342,33.90024],[-83.24325,33.90053],[-83.24241,33.9019],[-83.24157,33.90325],[-83.24154,33.90331],[-83.24126,33.90376],[-83.24086,33.90443],[-83.24169,33.90532],[-83.24274,33.90645],[-83.24316,33.9069],[-83.24339,33.90714],[-83.24359,33.90736],[-83.24385,33.90763],[-83.24512,33.90895],[-83.24528,33.90912],[-83.24633,33.91021],[-83.24659,33.91048],[-83.24661,33.9105],[-83.24672,33.91062],[-83.24687,33.91078],[-83.2469,33.91081],[-83.24705,33.91097],[-83.2471,33.91101],[-83.24732,33.91124],[-83.24838,33.91235],[-83.24943,33.91345],[-83.25025,33.9143],[-83.25044,33.9145],[-83.25064,33.91473],[-83.25077,33.91487],[-83.25115,33.91528],[-83.25144,33.91561],[-83.25294,33.91726],[-83.25319,33.91754],[-83.25472,33.91924],[-83.25474,33.91926],[-83.25492,33.91947],[-83.25511,33.91968],[-83.25512,33.91969],[-83.25626,33.92095],[-83.25726,33.92205],[-83.2574,33.9222],[-83.25759,33.92242],[-83.25779,33.92264],[-83.25788,33.92274],[-83.25841,33.92333],[-83.25903,33.92402],[-83.26033,33.92545],[-83.26043,33.92556],[-83.26254,33.92794],[-83.26256,33.92796],[-83.26354,33.92906],[-83.26689,33.93269],[-83.26732,33.93318],[-83.26733,33.93319],[-83.26791,33.93383],[-83.27076,33.93703],[-83.27308,33.93964],[-83.27406,33.94074],[-83.27466,33.94141],[-83.27542,33.9422],[-83.27575,33.94276],[-83.27581,33.94289],[-83.27591,33.94299],[-83.27588,33.94304],[-83.27589,33.94308],[-83.27593,33.94313],[-83.27598,33.94321],[-83.27617,33.94354],[-83.27646,33.94404],[-83.27654,33.94418],[-83.27668,33.94441],[-83.27674,33.94452],[-83.27691,33.94478],[-83.27706,33.94509],[-83.2772,33.94538],[-83.27741,33.94587],[-83.27743,33.94595],[-83.2776,33.94647],[-83.27761,33.94657],[-83.27763,33.94666],[-83.27765,33.94674],[-83.27772,33.94696],[-83.27787,33.94779],[-83.27795,33.94822],[-83.27815,33.94932],[-83.27824,33.94984],[-83.27833,33.95031],[-83.27837,33.95048],[-83.27843,33.95083],[-83.27857,33.95139],[-83.27862,33.95162],[-83.27865,33.95175],[-83.2787,33.95209],[-83.27873,33.95209],[-83.27877,33.95209],[-83.27878,33.95209],[-83.27881,33.95209],[-83.27883,33.95209],[-83.27886,33.95209],[-83.27889,33.95209],[-83.27891,33.95209],[-83.27896,33.95208],[-83.27898,33.95208],[-83.27902,33.95208],[-83.27907,33.95208],[-83.2791,33.95208],[-83.27915,33.95208],[-83.27919,33.95208],[-83.27923,33.95208],[-83.27926,33.95208],[-83.27929,33.95208],[-83.27933,33.95208],[-83.27937,33.95208],[-83.2794,33.95208],[-83.27944,33.95208],[-83.27948,33.95208],[-83.27951,33.95208],[-83.27954,33.95208],[-83.27957,33.95208],[-83.2796,33.95208],[-83.27961,33.95208],[-83.27962,33.95208],[-83.2807,33.95211],[-83.28072,33.95212],[-83.28075,33.95212],[-83.28079,33.95212],[-83.28084,33.95212],[-83.28087,33.95213],[-83.2809,33.95213],[-83.28093,33.95213],[-83.28095,33.95213],[-83.28104,33.95214],[-83.28108,33.95214],[-83.28113,33.95214],[-83.28118,33.95215],[-83.28123,33.95215],[-83.28128,33.95216],[-83.28133,33.95216],[-83.28137,33.95217],[-83.28141,33.95217],[-83.28146,33.95217],[-83.28151,33.95218],[-83.28155,33.95218],[-83.28159,33.95219],[-83.28163,33.95219],[-83.28167,33.9522],[-83.28172,33.9522],[-83.28176,33.9522],[-83.2818,33.95221],[-83.28184,33.95221],[-83.28188,33.95222],[-83.28192,33.95222],[-83.28196,33.95223],[-83.282,33.95223],[-83.28204,33.95224],[-83.28208,33.95224],[-83.28212,33.95225],[-83.28218,33.95226],[-83.28222,33.95226],[-83.28228,33.95227],[-83.28232,33.95228],[-83.28236,33.95228],[-83.2824,33.95229],[-83.28244,33.95229],[-83.28248,33.9523],[-83.28254,33.95231],[-83.28258,33.95231],[-83.28262,33.95232],[-83.28268,33.95233],[-83.28274,33.95234],[-83.28278,33.95234],[-83.28282,33.95235],[-83.28288,33.95236],[-83.28294,33.95237],[-83.28298,33.95238],[-83.28304,33.95239],[-83.28308,33.95239],[-83.28317,33.95241],[-83.28326,33.95243],[-83.28332,33.95244],[-83.28337,33.95245],[-83.28343,33.95246],[-83.28349,33.95247],[-83.28355,33.95248],[-83.28361,33.9525],[-83.28367,33.95251],[-83.28373,33.95252],[-83.28379,33.95253],[-83.28385,33.95255],[-83.28391,33.95256],[-83.28397,33.95257],[-83.28403,33.95259],[-83.28407,33.95259],[-83.28412,33.95261],[-83.28416,33.95262],[-83.2842,33.95263],[-83.28424,33.95264],[-83.28428,33.95264],[-83.28432,33.95265],[-83.28436,33.95266],[-83.2844,33.95267],[-83.28444,33.95268],[-83.28448,33.95269],[-83.28451,33.9527],[-83.28456,33.95271],[-83.28561,33.95301],[-83.28567,33.95303],[-83.28571,33.95304],[-83.28576,33.95306],[-83.2858,33.95307],[-83.28584,33.95309],[-83.2859,33.95311],[-83.28593,33.95312],[-83.28597,33.95313],[-83.28601,33.95314],[-83.28603,33.95315],[-83.28607,33.95316],[-83.28609,33.95317],[-83.2861,33.95318],[-83.28612,33.95318],[-83.28614,33.95319],[-83.28616,33.95319],[-83.28618,33.9532],[-83.2862,33.95321],[-83.28622,33.95322],[-83.28623,33.95322],[-83.28625,33.95323],[-83.28627,33.95324],[-83.28629,33.95324],[-83.28631,33.95325],[-83.28633,33.95325],[-83.28635,33.95326],[-83.28636,33.95327],[-83.28638,33.95328],[-83.2864,33.95328],[-83.28642,33.95329],[-83.28644,33.9533],[-83.28646,33.9533],[-83.28648,33.95331],[-83.2865,33.95332],[-83.28651,33.95332],[-83.28653,33.95333],[-83.28655,33.95334],[-83.28657,33.95334],[-83.28659,33.95335],[-83.28661,33.95336],[-83.28663,33.95336],[-83.28664,33.95337],[-83.28666,33.95338],[-83.28668,33.95339],[-83.2867,33.95339],[-83.28672,33.9534],[-83.28674,33.95341],[-83.28675,33.95341],[-83.28677,33.95342],[-83.28679,33.95343],[-83.28681,33.95344],[-83.28683,33.95344],[-83.28685,33.95345],[-83.28687,33.95346],[-83.28688,33.95346],[-83.2869,33.95347],[-83.28692,33.95348],[-83.28694,33.95349],[-83.28696,33.95349],[-83.28697,33.9535],[-83.28699,33.95351],[-83.28701,33.95351],[-83.28703,33.95352],[-83.28705,33.95353],[-83.28707,33.95354],[-83.28709,33.95354],[-83.2871,33.95355],[-83.28712,33.95356],[-83.28714,33.95357],[-83.28716,33.95357],[-83.28718,33.95358],[-83.28719,33.95359],[-83.28721,33.9536],[-83.28723,33.9536],[-83.28725,33.95361],[-83.28727,33.95362],[-83.28729,33.95363],[-83.2873,33.95363],[-83.28732,33.95364],[-83.28734,33.95365],[-83.28736,33.95366],[-83.28738,33.95367],[-83.2874,33.95367],[-83.28741,33.95368],[-83.28743,33.95369],[-83.28745,33.9537],[-83.28747,33.9537],[-83.28749,33.95371],[-83.2875,33.95372],[-83.28752,33.95373],[-83.28754,33.95374],[-83.28756,33.95374],[-83.28757,33.95375],[-83.28759,33.95376],[-83.28761,33.95377],[-83.28763,33.95378],[-83.28765,33.95378],[-83.28766,33.95379],[-83.28768,33.9538],[-83.2877,33.95381],[-83.28772,33.95382],[-83.28774,33.95382],[-83.28775,33.95383],[-83.28777,33.95384],[-83.28779,33.95385],[-83.28781,33.95386],[-83.28783,33.95386],[-83.28784,33.95387],[-83.28786,33.95388],[-83.28788,33.95389],[-83.2879,33.9539],[-83.28791,33.9539],[-83.28793,33.95391],[-83.28795,33.95392],[-83.28797,33.95393],[-83.28799,33.95394],[-83.288,33.95395],[-83.28802,33.95395],[-83.28804,33.95396],[-83.28806,33.95397],[-83.28807,33.95398],[-83.28809,33.95399],[-83.28811,33.954],[-83.28813,33.95401],[-83.28814,33.95401],[-83.28816,33.95402],[-83.28818,33.95403],[-83.2882,33.95404],[-83.28822,33.95405],[-83.28823,33.95406],[-83.28825,33.95406],[-83.28827,33.95407],[-83.28828,33.95408],[-83.2883,33.95409],[-83.28832,33.9541],[-83.28834,33.95411],[-83.28835,33.95412],[-83.28837,33.95413],[-83.28839,33.95413],[-83.28841,33.95414],[-83.28843,33.95415],[-83.28844,33.95416],[-83.28846,33.95417],[-83.28848,33.95418],[-83.28849,33.95419],[-83.28851,33.9542],[-83.28853,33.9542],[-83.28855,33.95421],[-83.28856,33.95422],[-83.28858,33.95423],[-83.2886,33.95424],[-83.28862,33.95425],[-83.28863,33.95426],[-83.28865,33.95427],[-83.28867,33.95427],[-83.28868,33.95428],[-83.2887,33.95429],[-83.28872,33.9543],[-83.28874,33.95431],[-83.28875,33.95432],[-83.28877,33.95433],[-83.28879,33.95434],[-83.28881,33.95435],[-83.28882,33.95436],[-83.28884,33.95437],[-83.28886,33.95438],[-83.28887,33.95438],[-83.28889,33.95439],[-83.28891,33.9544],[-83.28892,33.95441],[-83.28896,33.95443],[-83.28899,33.95445],[-83.28903,33.95447],[-83.28906,33.95449],[-83.2891,33.95451],[-83.28913,33.95452],[-83.28916,33.95454],[-83.2892,33.95456],[-83.28923,33.95458],[-83.28926,33.9546],[-83.28931,33.95463],[-83.28935,33.95465],[-83.28938,33.95467],[-83.28942,33.95469],[-83.28945,33.9547],[-83.28948,33.95472],[-83.28951,33.95474],[-83.28955,33.95476],[-83.28958,33.95479],[-83.28961,33.95481],[-83.28965,33.95482],[-83.28968,33.95484],[-83.28971,33.95486],[-83.28974,33.95488],[-83.28978,33.9549],[-83.28981,33.95492],[-83.28984,33.95494],[-83.28987,33.95496],[-83.28991,33.95498],[-83.28994,33.955],[-83.28997,33.95502],[-83.29001,33.95505],[-83.29004,33.95507],[-83.29007,33.95509],[-83.2901,33.95511],[-83.29013,33.95513],[-83.29017,33.95515],[-83.29023,33.95519],[-83.29095,33.95569],[-83.29098,33.95571],[-83.29101,33.95573],[-83.29103,33.95575],[-83.29106,33.95577],[-83.29109,33.95579],[-83.29112,33.95581],[-83.29114,33.95584],[-83.29117,33.95586],[-83.2912,33.95588],[-83.29122,33.9559],[-83.29125,33.95592],[-83.29128,33.95594],[-83.29131,33.95596],[-83.29133,33.95598],[-83.29136,33.956],[-83.29139,33.95602],[-83.29141,33.95605],[-83.29144,33.95607],[-83.29147,33.95609],[-83.29149,33.95611],[-83.29152,33.95613],[-83.29155,33.95615],[-83.29157,33.95617],[-83.2916,33.95619],[-83.29163,33.95622],[-83.29165,33.95624],[-83.29168,33.95626],[-83.2917,33.95628],[-83.29173,33.9563],[-83.29176,33.95632],[-83.29178,33.95635],[-83.29181,33.95637],[-83.29184,33.95639],[-83.29186,33.95641],[-83.29189,33.95643],[-83.29191,33.95646],[-83.29194,33.95648],[-83.29197,33.9565],[-83.29199,33.95652],[-83.29202,33.95654],[-83.29204,33.95657],[-83.29207,33.95659],[-83.29209,33.95661],[-83.29212,33.95663],[-83.29214,33.95666],[-83.29217,33.95668],[-83.29219,33.9567],[-83.29222,33.95672],[-83.29224,33.95675],[-83.29227,33.95677],[-83.29229,33.95679],[-83.29232,33.95681],[-83.29234,33.95684],[-83.29237,33.95686],[-83.29242,33.95691],[-83.29244,33.95693],[-83.29249,33.95698],[-83.29252,33.957],[-83.29254,33.95702],[-83.29256,33.95704],[-83.29259,33.95707],[-83.29261,33.95709],[-83.29264,33.95711],[-83.29266,33.95714],[-83.29268,33.95716],[-83.29271,33.95718],[-83.29273,33.95721],[-83.29276,33.95723],[-83.29278,33.95726],[-83.2928,33.95728],[-83.29283,33.9573],[-83.29285,33.95733],[-83.29287,33.95735],[-83.2929,33.95737],[-83.29292,33.9574],[-83.29294,33.95742],[-83.29297,33.95745],[-83.29299,33.95747],[-83.29301,33.95749],[-83.29304,33.95752],[-83.29306,33.95754],[-83.29308,33.95757],[-83.29311,33.95759],[-83.29313,33.95761],[-83.29315,33.95764],[-83.29317,33.95766],[-83.2932,33.95769],[-83.29322,33.95771],[-83.29324,33.95773],[-83.29326,33.95776],[-83.29329,33.95778],[-83.29331,33.95781],[-83.29333,33.95783],[-83.29335,33.95786],[-83.29338,33.95788],[-83.2934,33.95791],[-83.29342,33.95793],[-83.29344,33.95796],[-83.29346,33.95798],[-83.29349,33.95801],[-83.29351,33.95803],[-83.29353,33.95806],[-83.29355,33.95808],[-83.29357,33.9581],[-83.29359,33.95813],[-83.29361,33.95816],[-83.29364,33.95818],[-83.29366,33.95821],[-83.29368,33.95823],[-83.2937,33.95826],[-83.29372,33.95828],[-83.29374,33.95831],[-83.29376,33.95833],[-83.29378,33.95836],[-83.29381,33.95838],[-83.29383,33.95841],[-83.29385,33.95843],[-83.29387,33.95846],[-83.29389,33.95848],[-83.29391,33.95851],[-83.29393,33.95853],[-83.29395,33.95856],[-83.29397,33.95859],[-83.29399,33.95861],[-83.29401,33.95864],[-83.29403,33.95866],[-83.29405,33.95869],[-83.29407,33.95872],[-83.29409,33.95874],[-83.29411,33.95877],[-83.29413,33.95879],[-83.29415,33.95882],[-83.29417,33.95884],[-83.29419,33.95887],[-83.29421,33.9589],[-83.29423,33.95892],[-83.29425,33.95895],[-83.29427,33.95898],[-83.29429,33.959],[-83.29431,33.95903],[-83.29433,33.95906],[-83.29435,33.95908],[-83.29436,33.95911],[-83.29438,33.95913],[-83.2944,33.95916],[-83.29442,33.95919],[-83.29446,33.95924],[-83.29448,33.95927],[-83.2945,33.95929],[-83.29451,33.95932],[-83.29453,33.95935],[-83.29455,33.95937],[-83.29457,33.9594],[-83.29459,33.95943],[-83.2946,33.95945],[-83.29462,33.95948],[-83.29464,33.95951],[-83.29466,33.95953],[-83.29468,33.95956],[-83.2947,33.95959],[-83.29471,33.95961],[-83.29473,33.95964],[-83.29475,33.95967],[-83.29476,33.9597],[-83.29478,33.95972],[-83.2948,33.95975],[-83.29482,33.95978],[-83.29483,33.95981],[-83.29485,33.95983],[-83.29487,33.95986],[-83.29489,33.95989],[-83.2949,33.95991],[-83.29492,33.95994],[-83.29494,33.95997],[-83.29495,33.96],[-83.29497,33.96002],[-83.29499,33.96005],[-83.295,33.96008],[-83.29502,33.96011],[-83.29504,33.96013],[-83.29505,33.96016],[-83.29507,33.96019],[-83.29509,33.96022],[-83.2951,33.96024],[-83.29512,33.96027],[-83.29513,33.9603],[-83.29515,33.96033],[-83.29516,33.96036],[-83.29518,33.96038],[-83.2952,33.96041],[-83.29521,33.96044],[-83.29523,33.96047],[-83.29524,33.96049],[-83.29526,33.96052],[-83.29527,33.96055],[-83.29529,33.96058],[-83.2953,33.96061],[-83.29555,33.96109],[-83.29557,33.96112],[-83.29558,33.96114],[-83.29559,33.96117],[-83.29561,33.96121],[-83.29562,33.96123],[-83.29563,33.96126],[-83.29565,33.96129],[-83.29566,33.96132],[-83.29567,33.96135],[-83.29569,33.96137],[-83.2957,33.9614],[-83.29571,33.96142],[-83.29573,33.96146],[-83.29574,33.96149],[-83.29575,33.96152],[-83.29576,33.96155],[-83.29578,33.96158],[-83.29579,33.9616],[-83.2958,33.96163],[-83.29581,33.96166],[-83.29583,33.96169],[-83.29584,33.96172],[-83.29585,33.96175],[-83.29587,33.96178],[-83.29588,33.96181],[-83.29589,33.96184],[-83.2959,33.96187],[-83.29591,33.96189],[-83.29593,33.96192],[-83.29594,33.96195],[-83.29595,33.96198],[-83.29596,33.96201],[-83.29597,33.96204],[-83.29598,33.96207],[-83.296,33.9621],[-83.29601,33.96213],[-83.29602,33.96216],[-83.29603,33.96219],[-83.29604,33.96222],[-83.29605,33.96225],[-83.29606,33.96228],[-83.29607,33.96231],[-83.29608,33.96233],[-83.29609,33.96236],[-83.29611,33.96239],[-83.29612,33.96242],[-83.29613,33.96245],[-83.29614,33.96248],[-83.29615,33.96251],[-83.29616,33.96254],[-83.29617,33.96257],[-83.29618,33.9626],[-83.29619,33.96263],[-83.2962,33.96266],[-83.29621,33.96269],[-83.29622,33.96272],[-83.29623,33.96275],[-83.29624,33.96278],[-83.29625,33.96281],[-83.29626,33.96284],[-83.29627,33.96287],[-83.29627,33.9629],[-83.29628,33.96293],[-83.2963,33.96298],[-83.29631,33.96302],[-83.29632,33.96305],[-83.29633,33.96308],[-83.29634,33.96311],[-83.29635,33.96314],[-83.29635,33.96317],[-83.29636,33.9632],[-83.29637,33.96323],[-83.29638,33.96326],[-83.29639,33.96328],[-83.2964,33.96332],[-83.2964,33.96335],[-83.29641,33.96337],[-83.29642,33.96341],[-83.29643,33.96344],[-83.29644,33.96347],[-83.29645,33.9635],[-83.29645,33.96353],[-83.29646,33.96356],[-83.29647,33.96359],[-83.29648,33.96362],[-83.29648,33.96365],[-83.29649,33.96368],[-83.2965,33.96371],[-83.29651,33.96374],[-83.29651,33.96377],[-83.29652,33.9638],[-83.29653,33.96383],[-83.29653,33.96386],[-83.29654,33.96389],[-83.29655,33.96392],[-83.29655,33.96395],[-83.29656,33.96398],[-83.29657,33.96401],[-83.29657,33.96404],[-83.29658,33.96407],[-83.29659,33.9641],[-83.29659,33.96413],[-83.2966,33.96416],[-83.2966,33.96419],[-83.29661,33.96422],[-83.29662,33.96425],[-83.29662,33.96428],[-83.29666,33.9645],[-83.29667,33.96453],[-83.29667,33.96456],[-83.29667,33.96459],[-83.29668,33.96462],[-83.29669,33.96465],[-83.29669,33.96468],[-83.2967,33.96471],[-83.2967,33.96474],[-83.29671,33.96477],[-83.29671,33.9648],[-83.29671,33.96483],[-83.29672,33.96486],[-83.29672,33.96489],[-83.29673,33.96492],[-83.29673,33.96495],[-83.29673,33.96499],[-83.29674,33.96501],[-83.29674,33.96504],[-83.29675,33.96507],[-83.29675,33.96511],[-83.29675,33.96514],[-83.29676,33.96517],[-83.29676,33.9652],[-83.29676,33.96523],[-83.29677,33.96526],[-83.29677,33.96529],[-83.29677,33.96532],[-83.29678,33.96535],[-83.29678,33.96538],[-83.29678,33.96541],[-83.29679,33.96544],[-83.29679,33.96547],[-83.29679,33.96551],[-83.29679,33.96554],[-83.2968,33.96557],[-83.2968,33.9656],[-83.2968,33.96563],[-83.2968,33.96566],[-83.29681,33.96569],[-83.29681,33.96575],[-83.29681,33.96581],[-83.29682,33.96584],[-83.29682,33.96587],[-83.29682,33.9659],[-83.29682,33.96594],[-83.29682,33.96596],[-83.29682,33.966],[-83.29683,33.96603],[-83.29683,33.96606],[-83.29683,33.96609],[-83.29683,33.96612],[-83.29683,33.96615],[-83.29683,33.96618],[-83.29683,33.96621],[-83.29683,33.96624],[-83.29683,33.96627],[-83.29683,33.9663],[-83.29684,33.96633],[-83.29684,33.96637],[-83.29684,33.9664],[-83.29684,33.96643],[-83.29684,33.96645],[-83.29684,33.96649],[-83.29684,33.96652],[-83.29684,33.96655],[-83.29684,33.96658],[-83.29684,33.96661],[-83.29684,33.96664],[-83.29684,33.96667],[-83.29684,33.9667],[-83.29684,33.96674],[-83.29684,33.96677],[-83.29683,33.9668],[-83.29683,33.96683],[-83.29683,33.96686],[-83.29683,33.96689],[-83.29683,33.96692],[-83.29683,33.96696],[-83.29683,33.96698],[-83.29683,33.96701],[-83.29683,33.96704],[-83.29683,33.96707],[-83.29682,33.9671],[-83.29682,33.96713],[-83.29682,33.96716],[-83.29682,33.9672],[-83.29678,33.96775],[-83.29677,33.96778],[-83.29677,33.96781],[-83.29677,33.96784],[-83.29676,33.96787],[-83.29676,33.9679],[-83.29676,33.96793],[-83.29675,33.96796],[-83.29675,33.96802],[-83.29674,33.96806],[-83.29674,33.96809],[-83.29673,33.96812],[-83.29673,33.96815],[-83.29673,33.96818],[-83.29672,33.96821],[-83.29672,33.96824],[-83.29671,33.96827],[-83.29671,33.9683],[-83.29671,33.96833],[-83.2967,33.96836],[-83.2967,33.96839],[-83.29669,33.96842],[-83.29669,33.96845],[-83.29668,33.96849],[-83.29668,33.96851],[-83.29667,33.96854],[-83.29667,33.96857],[-83.29666,33.9686],[-83.29666,33.96864],[-83.29665,33.96867],[-83.29665,33.9687],[-83.29664,33.96873],[-83.29663,33.96876],[-83.29663,33.96879],[-83.29662,33.96882],[-83.29662,33.96885],[-83.29661,33.96888],[-83.2966,33.96891],[-83.2966,33.96894],[-83.29659,33.96897],[-83.29658,33.969],[-83.29658,33.96903],[-83.29657,33.96907],[-83.29657,33.96909],[-83.29656,33.96913],[-83.29655,33.96915],[-83.29655,33.96918],[-83.29654,33.96922],[-83.29653,33.96924],[-83.29653,33.96927],[-83.29652,33.96931],[-83.29651,33.96935],[-83.2965,33.96939],[-83.29649,33.96942],[-83.29648,33.96946],[-83.29647,33.96949],[-83.29647,33.96953],[-83.29646,33.96957],[-83.29645,33.9696],[-83.29644,33.96964],[-83.29643,33.96967],[-83.29642,33.96971],[-83.2964,33.96978],[-83.29639,33.96982],[-83.29638,33.96985],[-83.29637,33.96989],[-83.29636,33.96993],[-83.29635,33.96996],[-83.29634,33.97],[-83.29633,33.97004],[-83.29631,33.97007],[-83.2963,33.97011],[-83.29629,33.97014],[-83.29628,33.97018],[-83.29627,33.97022],[-83.29626,33.97025],[-83.29625,33.97029],[-83.29624,33.97032],[-83.29622,33.97036],[-83.29621,33.9704],[-83.2962,33.97043],[-83.29619,33.97047],[-83.29618,33.9705],[-83.29616,33.97054],[-83.29615,33.97057],[-83.29614,33.97061],[-83.29613,33.97065],[-83.29612,33.97069],[-83.2961,33.97072],[-83.29609,33.97075],[-83.29607,33.97079],[-83.29606,33.97083],[-83.29605,33.97086],[-83.29603,33.9709],[-83.29602,33.97094],[-83.29601,33.97097],[-83.29599,33.971],[-83.29598,33.97104],[-83.29596,33.97108],[-83.29595,33.97112],[-83.29594,33.97115],[-83.29592,33.97119],[-83.29591,33.97122],[-83.29589,33.97125],[-83.29588,33.97129],[-83.29587,33.97132],[-83.29586,33.97136],[-83.29584,33.97139],[-83.29582,33.97142],[-83.29581,33.97146],[-83.29579,33.9715],[-83.29578,33.97153],[-83.29576,33.97156],[-83.29574,33.9716],[-83.29573,33.97164],[-83.29571,33.97168],[-83.2957,33.9717],[-83.29568,33.97174],[-83.29567,33.97178],[-83.29565,33.97181],[-83.29563,33.97185],[-83.29561,33.97188],[-83.2956,33.97192],[-83.29558,33.97195],[-83.29556,33.97198],[-83.29555,33.97202],[-83.29553,33.97205],[-83.29552,33.97208],[-83.2955,33.97212],[-83.29548,33.97215],[-83.29546,33.9722],[-83.29545,33.97223],[-83.29543,33.97226],[-83.29541,33.97229],[-83.29539,33.97232],[-83.29538,33.97236],[-83.29536,33.97239],[-83.29534,33.97243],[-83.29532,33.97246],[-83.2953,33.97249],[-83.29528,33.97254],[-83.29527,33.97256],[-83.29524,33.9726],[-83.29523,33.97263],[-83.29521,33.97266],[-83.29519,33.9727],[-83.29517,33.97273],[-83.29516,33.97276],[-83.29513,33.9728],[-83.29512,33.97283],[-83.2951,33.97287],[-83.29508,33.9729],[-83.29505,33.97294],[-83.29504,33.97297],[-83.29502,33.973],[-83.295,33.97303],[-83.29498,33.97307],[-83.29496,33.9731],[-83.29494,33.97313],[-83.29492,33.97317],[-83.2949,33.9732],[-83.29488,33.97323],[-83.29485,33.97326],[-83.29483,33.9733],[-83.29481,33.97333],[-83.29479,33.97336],[-83.29477,33.9734],[-83.29475,33.97343],[-83.29473,33.97347],[-83.29471,33.97349],[-83.29469,33.97353],[-83.29466,33.97356],[-83.29464,33.97359],[-83.29462,33.97363],[-83.2946,33.97366],[-83.29458,33.97369],[-83.29455,33.97372],[-83.29453,33.97375],[-83.29451,33.97379],[-83.29449,33.97382],[-83.29447,33.97385],[-83.29444,33.97388],[-83.29442,33.97391],[-83.2944,33.97395],[-83.29437,33.97398],[-83.29435,33.97401],[-83.29433,33.97404],[-83.29431,33.97407],[-83.29428,33.97411],[-83.29426,33.97414],[-83.29423,33.97417],[-83.29421,33.9742],[-83.29419,33.97423],[-83.29416,33.97426],[-83.29414,33.9743],[-83.29412,33.97433],[-83.29409,33.97436],[-83.29407,33.97439],[-83.29404,33.97442],[-83.29402,33.97445],[-83.29399,33.97448],[-83.29397,33.97451],[-83.29395,33.97455],[-83.29392,33.97458],[-83.2939,33.97461],[-83.29387,33.97464],[-83.29385,33.97467],[-83.29382,33.9747],[-83.2938,33.97473],[-83.29377,33.97476],[-83.29375,33.97479],[-83.29372,33.97482],[-83.29369,33.97485],[-83.29367,33.97488],[-83.29364,33.97491],[-83.29362,33.97494],[-83.29359,33.97497],[-83.29357,33.975],[-83.29354,33.97503],[-83.29351,33.97506],[-83.29349,33.97509],[-83.29346,33.97512],[-83.29335,33.97525],[-83.29333,33.97527],[-83.2933,33.97531],[-83.29327,33.97534],[-83.29324,33.97536],[-83.29322,33.97539],[-83.29319,33.97542],[-83.29316,33.97545],[-83.29314,33.97548],[-83.29311,33.97551],[-83.29308,33.97554],[-83.29305,33.97557],[-83.29302,33.9756],[-83.293,33.97563],[-83.29297,33.97565],[-83.29294,33.97568],[-83.29291,33.97571],[-83.29288,33.97574],[-83.29285,33.97577],[-83.29283,33.9758],[-83.2928,33.97583],[-83.29277,33.97585],[-83.29274,33.97588],[-83.29271,33.97591],[-83.29268,33.97594],[-83.29265,33.97597],[-83.29262,33.976],[-83.2926,33.97602],[-83.29257,33.97605],[-83.29254,33.97608],[-83.29251,33.97611],[-83.29248,33.97614],[-83.29245,33.97616],[-83.29242,33.97619],[-83.29174,33.97679],[-83.29171,33.97681],[-83.29168,33.97684],[-83.29165,33.97687],[-83.29162,33.97689],[-83.29158,33.97692],[-83.29152,33.97697],[-83.29149,33.977],[-83.29146,33.97702],[-83.29142,33.97705],[-83.29139,33.97707],[-83.29136,33.9771],[-83.29133,33.97712],[-83.29129,33.97715],[-83.29126,33.97717],[-83.29123,33.9772],[-83.29119,33.97723],[-83.29116,33.97725],[-83.29113,33.97728],[-83.29109,33.9773],[-83.29106,33.97733],[-83.29103,33.97735],[-83.291,33.97737],[-83.29096,33.9774],[-83.29093,33.97742],[-83.29089,33.97745],[-83.29086,33.97747],[-83.29083,33.9775],[-83.29079,33.97752],[-83.29076,33.97754],[-83.29073,33.97757],[-83.29069,33.97759],[-83.29066,33.97762],[-83.29062,33.97764],[-83.29059,33.97767],[-83.29056,33.97769],[-83.29052,33.97771],[-83.29049,33.97774],[-83.29045,33.97776],[-83.29042,33.97778],[-83.29038,33.97781],[-83.29035,33.97783],[-83.29031,33.97785],[-83.29028,33.97788],[-83.29038,33.9781],[-83.29056,33.97836],[-83.29076,33.9786],[-83.29096,33.97884],[-83.29108,33.97897],[-83.28973,33.97997],[-83.28954,33.98011],[-83.2885,33.97979],[-83.28841,33.97931],[-83.28849,33.97892],[-83.28844,33.97894],[-83.28841,33.97896],[-83.28837,33.97898],[-83.28833,33.97899],[-83.28829,33.97901],[-83.28825,33.97903],[-83.28821,33.97905],[-83.28817,33.97907],[-83.28814,33.97909],[-83.2881,33.97911],[-83.28806,33.97913],[-83.28802,33.97914],[-83.28798,33.97916],[-83.28794,33.97918],[-83.2879,33.9792],[-83.28786,33.97922],[-83.28783,33.97923],[-83.28779,33.97925],[-83.28775,33.97927],[-83.28771,33.97929],[-83.28767,33.97931],[-83.28763,33.97932],[-83.28759,33.97934],[-83.28755,33.97936],[-83.28751,33.97938],[-83.28747,33.97939],[-83.28743,33.97941],[-83.28739,33.97943],[-83.28735,33.97944],[-83.28731,33.97946],[-83.28727,33.97948],[-83.28723,33.97949],[-83.28719,33.97951],[-83.28715,33.97953],[-83.28711,33.97954],[-83.28707,33.97956],[-83.28703,33.97958],[-83.28699,33.97959],[-83.28695,33.97961],[-83.28691,33.97962],[-83.28687,33.97964],[-83.28683,33.97966],[-83.28679,33.97967],[-83.28675,33.97969],[-83.28671,33.9797],[-83.28667,33.97972],[-83.28663,33.97973],[-83.28659,33.97975],[-83.28654,33.97976],[-83.2865,33.97978],[-83.28646,33.97979],[-83.28642,33.97981],[-83.28638,33.97982],[-83.28634,33.97984],[-83.2863,33.97985],[-83.28626,33.97987],[-83.28622,33.97988],[-83.28618,33.9799],[-83.28613,33.97991],[-83.28609,33.97993],[-83.28605,33.97994],[-83.28601,33.97995],[-83.28597,33.97997],[-83.28593,33.97998],[-83.28589,33.98],[-83.28585,33.98001],[-83.2858,33.98002],[-83.28576,33.98004],[-83.28572,33.98005],[-83.28568,33.98006],[-83.28564,33.98008],[-83.28559,33.98009],[-83.28555,33.9801],[-83.28551,33.98012],[-83.28547,33.98013],[-83.28543,33.98014],[-83.28538,33.98015],[-83.28534,33.98017],[-83.2853,33.98018],[-83.28526,33.98019],[-83.28522,33.9802],[-83.28517,33.98022],[-83.28513,33.98023],[-83.28509,33.98024],[-83.28505,33.98025],[-83.28501,33.98026],[-83.28496,33.98028],[-83.28492,33.98029],[-83.28488,33.9803],[-83.28484,33.98031],[-83.28479,33.98032],[-83.28475,33.98033],[-83.28471,33.98035],[-83.28467,33.98036],[-83.28462,33.98037],[-83.28458,33.98038],[-83.28454,33.98039],[-83.2845,33.9804],[-83.28445,33.98041],[-83.28441,33.98042],[-83.28437,33.98043],[-83.28432,33.98044],[-83.28428,33.98045],[-83.28424,33.98046],[-83.28419,33.98047],[-83.28415,33.98048],[-83.28411,33.98049],[-83.28407,33.9805],[-83.28402,33.98051],[-83.28398,33.98052],[-83.28394,33.98053],[-83.28389,33.98054],[-83.28385,33.98055],[-83.28381,33.98056],[-83.28376,33.98057],[-83.28372,33.98058],[-83.28368,33.98059],[-83.28363,33.9806],[-83.28359,33.98061],[-83.28355,33.98062],[-83.2835,33.98062],[-83.28346,33.98063],[-83.28342,33.98064],[-83.28337,33.98065],[-83.28333,33.98066],[-83.28329,33.98067],[-83.28324,33.98067],[-83.2832,33.98068],[-83.28316,33.98069],[-83.28311,33.9807],[-83.28307,33.98071],[-83.28302,33.98071],[-83.28298,33.98072],[-83.28294,33.98073],[-83.28289,33.98074],[-83.28285,33.98074],[-83.2828,33.98075],[-83.28276,33.98076],[-83.28272,33.98076],[-83.28267,33.98077],[-83.28263,33.98078],[-83.28259,33.98078],[-83.28254,33.98079],[-83.2825,33.9808],[-83.28245,33.9808],[-83.28241,33.98081],[-83.28237,33.98082],[-83.28232,33.98082],[-83.28228,33.98083],[-83.28223,33.98084],[-83.28219,33.98084],[-83.28215,33.98085],[-83.2821,33.98085],[-83.28206,33.98086],[-83.28201,33.98086],[-83.28197,33.98087],[-83.28193,33.98087],[-83.28188,33.98088],[-83.28184,33.98089],[-83.28179,33.98089],[-83.28175,33.98089],[-83.2817,33.9809],[-83.28166,33.9809],[-83.28161,33.98091],[-83.28157,33.98091],[-83.28153,33.98092],[-83.28148,33.98092],[-83.28144,33.98093],[-83.28139,33.98093],[-83.28135,33.98093],[-83.2813,33.98094],[-83.28126,33.98094],[-83.28121,33.98095],[-83.2812,33.98095],[-83.28118,33.98095],[-83.28116,33.98095],[-83.28114,33.98095],[-83.28113,33.98095],[-83.28111,33.98095],[-83.28109,33.98096],[-83.28107,33.98096],[-83.28105,33.98096],[-83.28103,33.98096],[-83.28102,33.98096],[-83.281,33.98096],[-83.28098,33.98097],[-83.28096,33.98097],[-83.28095,33.98097],[-83.28093,33.98097],[-83.28091,33.98097],[-83.28089,33.98097],[-83.28087,33.98097],[-83.28085,33.98097],[-83.28083,33.98097],[-83.28082,33.98098],[-83.2808,33.98098],[-83.28078,33.98098],[-83.28076,33.98098],[-83.28074,33.98098],[-83.28073,33.98098],[-83.28071,33.98098],[-83.28069,33.98098],[-83.28067,33.98099],[-83.28065,33.98099],[-83.28064,33.98099],[-83.28062,33.98099],[-83.2806,33.98099],[-83.28058,33.98099],[-83.28056,33.98099],[-83.28055,33.98099],[-83.28053,33.98099],[-83.28051,33.98099],[-83.28049,33.981],[-83.28047,33.981],[-83.28045,33.981],[-83.28044,33.981],[-83.28042,33.981],[-83.2804,33.981],[-83.28038,33.981],[-83.28036,33.981],[-83.28035,33.981],[-83.28033,33.981],[-83.28031,33.981],[-83.28029,33.981],[-83.28027,33.981],[-83.28025,33.981],[-83.28024,33.98101],[-83.28022,33.98101],[-83.2802,33.98101],[-83.28018,33.98101],[-83.28016,33.98101],[-83.28015,33.98101],[-83.28013,33.98101],[-83.28011,33.98101],[-83.28009,33.98101],[-83.28007,33.98101],[-83.28005,33.98101],[-83.28004,33.98101],[-83.28002,33.98101],[-83.28,33.98101],[-83.27998,33.98101],[-83.27996,33.98101],[-83.27995,33.98101],[-83.27993,33.98102],[-83.27991,33.98102],[-83.27989,33.98102],[-83.27987,33.98102],[-83.27985,33.98102],[-83.27984,33.98102],[-83.27982,33.98102],[-83.2798,33.98102],[-83.27978,33.98102],[-83.27976,33.98102],[-83.27975,33.98102],[-83.27973,33.98102],[-83.27971,33.98102],[-83.27969,33.98102],[-83.27967,33.98102],[-83.27965,33.98102],[-83.27964,33.98102],[-83.27962,33.98102],[-83.2796,33.98102],[-83.27958,33.98102],[-83.27957,33.98102],[-83.27955,33.98102],[-83.27953,33.98102],[-83.27951,33.98102],[-83.27949,33.98102],[-83.27947,33.98102],[-83.27945,33.98102],[-83.27944,33.98102],[-83.27942,33.98102],[-83.2794,33.98102],[-83.27938,33.98102],[-83.27936,33.98102],[-83.27935,33.98102],[-83.27933,33.98102],[-83.27931,33.98102],[-83.27929,33.98102],[-83.27927,33.98102],[-83.27925,33.98102],[-83.27924,33.98102],[-83.27922,33.98102],[-83.2792,33.98102],[-83.27918,33.98102],[-83.27916,33.98102],[-83.27915,33.98102],[-83.27913,33.98102],[-83.27911,33.98102],[-83.27909,33.98102],[-83.27907,33.98102],[-83.27905,33.98102],[-83.27904,33.98102],[-83.27902,33.98102],[-83.279,33.98101],[-83.27898,33.98101],[-83.27896,33.98101],[-83.27895,33.98101],[-83.27893,33.98101],[-83.27891,33.98101],[-83.27889,33.98101],[-83.27887,33.98101],[-83.27885,33.98101],[-83.27884,33.98101],[-83.27882,33.98101],[-83.2788,33.98101],[-83.27878,33.98101],[-83.27877,33.98101],[-83.27875,33.98101],[-83.27873,33.98101],[-83.27871,33.98101],[-83.27869,33.981],[-83.27867,33.981],[-83.27866,33.981],[-83.27864,33.981],[-83.27862,33.981],[-83.2786,33.981],[-83.27858,33.981],[-83.27857,33.981],[-83.27855,33.981],[-83.27853,33.981],[-83.27851,33.981],[-83.27849,33.981],[-83.27847,33.981],[-83.27846,33.981],[-83.27844,33.98099],[-83.27842,33.98099],[-83.2784,33.98099],[-83.27838,33.98099],[-83.27837,33.98099],[-83.27835,33.98099],[-83.27833,33.98099],[-83.27832,33.98099],[-83.27829,33.98099],[-83.27827,33.98099],[-83.27826,33.98098],[-83.27824,33.98098],[-83.27822,33.98098],[-83.2782,33.98098],[-83.27818,33.98098],[-83.27817,33.98098],[-83.27815,33.98098],[-83.27813,33.98098],[-83.27811,33.98097],[-83.27809,33.98097],[-83.27807,33.98097],[-83.27806,33.98097],[-83.27804,33.98097],[-83.27802,33.98097],[-83.278,33.98097],[-83.27799,33.98097],[-83.27797,33.98097],[-83.27795,33.98096],[-83.27793,33.98096],[-83.27791,33.98096],[-83.27789,33.98096],[-83.27788,33.98096],[-83.27786,33.98096],[-83.27784,33.98096],[-83.27782,33.98095],[-83.2778,33.98095],[-83.27779,33.98095],[-83.27777,33.98095],[-83.27775,33.98095],[-83.27773,33.98095],[-83.27771,33.98095],[-83.27769,33.98094],[-83.27768,33.98094],[-83.27766,33.98094],[-83.27764,33.98094],[-83.27762,33.98094],[-83.27761,33.98094],[-83.27759,33.98093],[-83.27757,33.98093],[-83.27755,33.98093],[-83.27753,33.98093],[-83.27751,33.98093],[-83.2775,33.98093],[-83.27748,33.98092],[-83.27746,33.98092],[-83.27744,33.98092],[-83.27742,33.98092],[-83.27741,33.98092],[-83.27739,33.98091],[-83.27737,33.98091],[-83.27735,33.98091],[-83.27733,33.98091],[-83.27732,33.98091],[-83.2773,33.98091],[-83.27728,33.9809],[-83.27726,33.9809],[-83.27724,33.9809],[-83.27723,33.9809],[-83.27721,33.9809],[-83.27719,33.98089],[-83.27717,33.98089],[-83.27715,33.98089],[-83.27714,33.98089],[-83.27712,33.98089],[-83.2771,33.98088],[-83.27708,33.98088],[-83.27706,33.98088],[-83.27705,33.98088],[-83.27703,33.98088],[-83.27701,33.98087],[-83.27699,33.98087],[-83.27697,33.98087],[-83.27696,33.98087],[-83.27694,33.98086],[-83.27692,33.98086],[-83.2769,33.98086],[-83.27688,33.98086],[-83.27687,33.98086],[-83.27685,33.98085],[-83.27683,33.98085],[-83.27681,33.98085],[-83.27679,33.98085],[-83.27678,33.98084],[-83.27676,33.98084],[-83.27674,33.98084],[-83.27672,33.98084],[-83.2767,33.98084],[-83.27669,33.98083],[-83.27667,33.98083],[-83.27665,33.98083],[-83.27663,33.98082],[-83.27661,33.98082],[-83.2766,33.98082],[-83.27658,33.98082],[-83.27656,33.98082],[-83.27654,33.98081],[-83.27652,33.98081],[-83.27651,33.98081],[-83.27649,33.9808],[-83.27647,33.9808],[-83.27645,33.9808],[-83.27644,33.9808],[-83.27642,33.9808],[-83.2764,33.98079],[-83.27638,33.98079],[-83.27636,33.98079],[-83.27635,33.98078],[-83.27633,33.98078],[-83.27631,33.98078],[-83.27629,33.98078],[-83.27627,33.98077],[-83.27626,33.98077],[-83.27624,33.98077],[-83.27622,33.98076],[-83.2762,33.98076],[-83.27618,33.98076],[-83.27617,33.98076],[-83.27615,33.98075],[-83.27613,33.98075],[-83.27611,33.98075],[-83.2761,33.98074],[-83.27608,33.98074],[-83.27606,33.98074],[-83.27604,33.98074],[-83.27603,33.98073],[-83.27601,33.98073],[-83.27599,33.98073],[-83.27597,33.98072],[-83.27595,33.98072],[-83.27594,33.98072],[-83.27592,33.98071],[-83.2759,33.98071],[-83.27588,33.98071],[-83.27587,33.9807],[-83.27585,33.9807],[-83.27583,33.9807],[-83.27581,33.9807],[-83.27579,33.98069],[-83.27578,33.98069],[-83.27576,33.98068],[-83.27574,33.98068],[-83.27572,33.98068],[-83.27571,33.98068],[-83.27569,33.98067],[-83.27567,33.98067],[-83.27565,33.98067],[-83.27563,33.98066],[-83.27562,33.98066],[-83.2756,33.98066],[-83.27558,33.98065],[-83.27556,33.98065],[-83.27554,33.98064],[-83.27553,33.98064],[-83.27551,33.98064],[-83.27549,33.98064],[-83.27547,33.98063],[-83.27546,33.98063],[-83.27544,33.98062],[-83.27542,33.98062],[-83.2754,33.98062],[-83.27539,33.98061],[-83.27537,33.98061],[-83.27535,33.98061],[-83.27533,33.9806],[-83.27532,33.9806],[-83.2753,33.9806],[-83.27528,33.98059],[-83.27526,33.98059],[-83.27525,33.98058],[-83.27523,33.98058],[-83.27521,33.98058],[-83.27519,33.98057],[-83.27517,33.98057],[-83.27516,33.98057],[-83.27514,33.98056],[-83.27512,33.98056],[-83.2751,33.98056],[-83.27509,33.98055],[-83.27507,33.98055],[-83.27505,33.98054],[-83.27503,33.98054],[-83.27502,33.98054],[-83.275,33.98053],[-83.27498,33.98053],[-83.27496,33.98052],[-83.27494,33.98052],[-83.27493,33.98052],[-83.27491,33.98051],[-83.27489,33.98051],[-83.27488,33.9805],[-83.27486,33.9805],[-83.27484,33.9805],[-83.27482,33.98049],[-83.27481,33.98049],[-83.27479,33.98048],[-83.27477,33.98048],[-83.27475,33.98048],[-83.27474,33.98047],[-83.27409,33.98031],[-83.27408,33.9803],[-83.27406,33.9803],[-83.27404,33.9803],[-83.27402,33.98029],[-83.27401,33.98028],[-83.27399,33.98028],[-83.27397,33.98028],[-83.27395,33.98027],[-83.27394,33.98027],[-83.27392,33.98026],[-83.2739,33.98026],[-83.27389,33.98025],[-83.27387,33.98025],[-83.27385,33.98024],[-83.27383,33.98024],[-83.27382,33.98023],[-83.2738,33.98023],[-83.27378,33.98022],[-83.27376,33.98022],[-83.27375,33.98021],[-83.27373,33.98021],[-83.27371,33.9802],[-83.2737,33.9802],[-83.27368,33.98019],[-83.27366,33.98019],[-83.27365,33.98018],[-83.27363,33.98018],[-83.27361,33.98017],[-83.27359,33.98017],[-83.27358,33.98016],[-83.27356,33.98016],[-83.27354,33.98015],[-83.27353,33.98015],[-83.27351,33.98014],[-83.27349,33.98014],[-83.27348,33.98013],[-83.27346,33.98012],[-83.27344,33.98012],[-83.27342,33.98012],[-83.27341,33.98011],[-83.27339,33.9801],[-83.27337,33.9801],[-83.27335,33.98009],[-83.27334,33.98009],[-83.27332,33.98008],[-83.2733,33.98008],[-83.27329,33.98007],[-83.27327,33.98007],[-83.27325,33.98006],[-83.27324,33.98006],[-83.27322,33.98005],[-83.2732,33.98004],[-83.27318,33.98004],[-83.27316,33.98003],[-83.27313,33.98002],[-83.27312,33.98002],[-83.2731,33.98001],[-83.27308,33.98001],[-83.27307,33.98],[-83.27305,33.97999],[-83.27303,33.97999],[-83.27302,33.97998],[-83.273,33.97998],[-83.27298,33.97997],[-83.27296,33.97997],[-83.27295,33.97996],[-83.27293,33.97996],[-83.27292,33.97995],[-83.2729,33.97994],[-83.27288,33.97994],[-83.27286,33.97993],[-83.27285,33.97993],[-83.27283,33.97992],[-83.27281,33.97992],[-83.2728,33.97991],[-83.27278,33.9799],[-83.27276,33.9799],[-83.27275,33.97989],[-83.27273,33.97989],[-83.27271,33.97988],[-83.2727,33.97987],[-83.27268,33.97987],[-83.27266,33.97986],[-83.27265,33.97986],[-83.27263,33.97985],[-83.27261,33.97984],[-83.2726,33.97984],[-83.27258,33.97983],[-83.27256,33.97983],[-83.27255,33.97982],[-83.27253,33.97981],[-83.27251,33.97981],[-83.2725,33.9798],[-83.27248,33.9798],[-83.27246,33.97979],[-83.27244,33.97978],[-83.27175,33.98026],[-83.27171,33.98028],[-83.27071,33.98088],[-83.26962,33.98151],[-83.26918,33.98167],[-83.26915,33.98446],[-83.26915,33.98449],[-83.26915,33.98454],[-83.26915,33.98462],[-83.26915,33.98479],[-83.26915,33.98488],[-83.26915,33.98491],[-83.26915,33.98497],[-83.26914,33.9854],[-83.2691,33.98924],[-83.2691,33.98925],[-83.2691,33.98929],[-83.26909,33.99113],[-83.26908,33.9912],[-83.26908,33.99125],[-83.26907,33.99269],[-83.26899,34.0006],[-83.2689,34.00057],[-83.26881,34.00054],[-83.26756,34.00011],[-83.26605,33.9997],[-83.26451,33.99916],[-83.26385,33.99891],[-83.26261,33.9985],[-83.26197,33.99835],[-83.26157,33.99838],[-83.26135,33.99838],[-83.26103,33.9984],[-83.26071,33.99844],[-83.26039,33.99849],[-83.26007,33.99856],[-83.25998,33.99859],[-83.25987,33.99862],[-83.25897,33.99888],[-83.25871,33.99897],[-83.25847,33.99907],[-83.25841,33.9991],[-83.25865,33.99939],[-83.25885,33.99964],[-83.25908,33.9998],[-83.25932,34.00005],[-83.25951,34.00031],[-83.25984,34.00077],[-83.26002,34.00093],[-83.26022,34.00104],[-83.26031,34.00119],[-83.26039,34.00134],[-83.26065,34.00157],[-83.26075,34.00172],[-83.26081,34.00189],[-83.26096,34.00208],[-83.26106,34.00221],[-83.26148,34.00274],[-83.26179,34.00335],[-83.26189,34.00354],[-83.26263,34.00477],[-83.26289,34.00526],[-83.26302,34.00567],[-83.26303,34.00569],[-83.26331,34.00614],[-83.2633,34.00623],[-83.26335,34.00629],[-83.26342,34.00632],[-83.26345,34.00633],[-83.26355,34.00632],[-83.26365,34.00631],[-83.26381,34.00633],[-83.2639,34.00638],[-83.26393,34.0064],[-83.26403,34.0065],[-83.26417,34.00662],[-83.26433,34.00665],[-83.26436,34.00666],[-83.26449,34.00666],[-83.26459,34.00664],[-83.26481,34.00656],[-83.2649,34.00652],[-83.26492,34.00651],[-83.26507,34.00647],[-83.26517,34.00648],[-83.26556,34.00648],[-83.26582,34.00642],[-83.26591,34.00635],[-83.26601,34.00625],[-83.26607,34.00614],[-83.26608,34.00603],[-83.26605,34.00576],[-83.26585,34.00536],[-83.26585,34.00521],[-83.26588,34.00506],[-83.26598,34.00492],[-83.26612,34.00479],[-83.26635,34.00468],[-83.2666,34.00461],[-83.26685,34.0046],[-83.26707,34.00462],[-83.26731,34.00468],[-83.26752,34.00479],[-83.26785,34.00484],[-83.26803,34.00485],[-83.26859,34.00488],[-83.26871,34.0049],[-83.26932,34.00499],[-83.26974,34.00506],[-83.27022,34.00508],[-83.27033,34.0051],[-83.27056,34.0051],[-83.2715,34.00524],[-83.27165,34.0053],[-83.27173,34.00535],[-83.27179,34.00539],[-83.2719,34.00553],[-83.27193,34.00558],[-83.27196,34.00563],[-83.27195,34.00578],[-83.27182,34.00599],[-83.27174,34.0061],[-83.27172,34.0062],[-83.27174,34.0063],[-83.27178,34.00638],[-83.27183,34.00646],[-83.27192,34.00653],[-83.27198,34.00658],[-83.27212,34.00663],[-83.27261,34.00671],[-83.2729,34.00671],[-83.27313,34.0067],[-83.27354,34.00665],[-83.27386,34.00658],[-83.27399,34.00653],[-83.27418,34.00647],[-83.27478,34.00619],[-83.2749,34.00613],[-83.27501,34.00611],[-83.27509,34.00609],[-83.27531,34.00607],[-83.27545,34.00605],[-83.27565,34.00595],[-83.2758,34.00582],[-83.27591,34.00558],[-83.27602,34.00529],[-83.27613,34.00517],[-83.27618,34.0051],[-83.27635,34.00494],[-83.27644,34.00488],[-83.27706,34.0045],[-83.27749,34.00429],[-83.27795,34.00406],[-83.27822,34.00397],[-83.27845,34.00393],[-83.27873,34.00387],[-83.27912,34.0038],[-83.27978,34.00368],[-83.27985,34.00366],[-83.27994,34.00365],[-83.28015,34.00362],[-83.28029,34.00364],[-83.28043,34.00365],[-83.2806,34.0037],[-83.28066,34.00372],[-83.28068,34.00373],[-83.28078,34.00378],[-83.2811,34.00394],[-83.28141,34.00406],[-83.28163,34.00414],[-83.28226,34.00432],[-83.2826,34.00442],[-83.28361,34.00471],[-83.28381,34.0048],[-83.28398,34.00487],[-83.28401,34.00488],[-83.28423,34.00506],[-83.28464,34.00542],[-83.28512,34.00585],[-83.2855,34.00623],[-83.28555,34.00628],[-83.28585,34.0067],[-83.28592,34.0068],[-83.28613,34.00699],[-83.2864,34.00716],[-83.28658,34.00721],[-83.28666,34.00723],[-83.28691,34.00721],[-83.28722,34.00722],[-83.288,34.00738],[-83.28852,34.00748],[-83.28857,34.00749],[-83.28892,34.00751],[-83.28926,34.00753],[-83.28945,34.00757],[-83.28987,34.00765],[-83.29057,34.00779],[-83.29109,34.00802],[-83.29134,34.00813],[-83.2915,34.00821],[-83.29211,34.00837],[-83.29277,34.00856],[-83.29299,34.00855],[-83.29314,34.00855],[-83.29356,34.00848],[-83.29401,34.00829],[-83.29412,34.00822],[-83.29421,34.00815],[-83.29433,34.00808],[-83.29443,34.00809],[-83.29446,34.00812],[-83.29448,34.00814],[-83.29454,34.00844],[-83.2946,34.00854],[-83.29465,34.00864],[-83.2948,34.00882],[-83.29521,34.00933],[-83.29566,34.0098],[-83.29594,34.01001],[-83.29628,34.01016],[-83.29665,34.01052],[-83.29738,34.01107],[-83.29826,34.01173],[-83.29863,34.01202],[-83.29894,34.01227],[-83.29912,34.01242],[-83.29934,34.01259],[-83.29954,34.01275],[-83.29961,34.01279],[-83.29965,34.01282],[-83.30164,34.0141],[-83.30165,34.01411],[-83.30357,34.01534],[-83.30495,34.01625],[-83.30723,34.01776],[-83.30875,34.01876],[-83.30886,34.01883],[-83.30897,34.0189],[-83.30909,34.01899],[-83.30922,34.01906],[-83.30994,34.01954],[-83.31074,34.02007],[-83.31145,34.02053],[-83.31208,34.02094],[-83.31233,34.02103],[-83.31236,34.02105],[-83.3127,34.0212],[-83.31313,34.02147],[-83.31573,34.02311],[-83.31587,34.0232],[-83.31767,34.02437],[-83.31877,34.02508],[-83.31889,34.02514],[-83.31897,34.02518],[-83.31909,34.02526],[-83.31943,34.02549],[-83.32024,34.02602],[-83.32191,34.02683],[-83.3236,34.02746],[-83.32367,34.02749],[-83.32676,34.02858],[-83.32672,34.02866],[-83.32794,34.02903],[-83.32882,34.02929],[-83.3315,34.03009],[-83.33212,34.03027],[-83.33454,34.03099],[-83.33485,34.03109],[-83.33515,34.03118],[-83.33518,34.03119],[-83.33522,34.0312],[-83.33704,34.03174],[-83.33952,34.03248],[-83.34293,34.03374],[-83.34583,34.0348],[-83.34688,34.03519],[-83.34691,34.0352],[-83.34957,34.03619],[-83.34987,34.03631],[-83.35018,34.03642],[-83.35288,34.03743],[-83.35415,34.0379],[-83.35708,34.03899],[-83.35812,34.03955],[-83.35888,34.03996],[-83.3595,34.04029],[-83.36161,34.03947],[-83.36173,34.03942],[-83.36314,34.03889],[-83.36357,34.03872],[-83.36432,34.03844],[-83.36764,34.03719],[-83.36829,34.03694],[-83.36835,34.03691],[-83.36848,34.03687],[-83.37261,34.0353],[-83.3777,34.03338],[-83.37966,34.03704],[-83.37984,34.03738],[-83.38019,34.03716],[-83.38189,34.03611],[-83.38288,34.0355],[-83.38442,34.03853],[-83.386,34.03789],[-83.38993,34.0363],[-83.39036,34.03613],[-83.38993,34.03538],[-83.38976,34.03508],[-83.39266,34.03385],[-83.39296,34.03372],[-83.38936,34.03269],[-83.38851,34.03246],[-83.38405,34.03119],[-83.38396,34.03102],[-83.3859,34.03029],[-83.38751,34.02967],[-83.38818,34.02942],[-83.39314,34.02755],[-83.39626,34.02636],[-83.39889,34.02538],[-83.39896,34.02535],[-83.39916,34.02528],[-83.39919,34.02526],[-83.40008,34.02493],[-83.40055,34.02476],[-83.40325,34.0238],[-83.41282,34.02015],[-83.4157,34.01905],[-83.42044,34.01744],[-83.42059,34.01739],[-83.42079,34.01734],[-83.42093,34.01731],[-83.42106,34.01728],[-83.42136,34.01715],[-83.42139,34.01714],[-83.42159,34.01707],[-83.42174,34.01703],[-83.42196,34.01692],[-83.42198,34.01691],[-83.42199,34.0169],[-83.42203,34.01689],[-83.4221,34.01686],[-83.42214,34.01685],[-83.42223,34.01681],[-83.42248,34.01672],[-83.42678,34.01505],[-83.42762,34.01472],[-83.42945,34.01401],[-83.4298,34.01388],[-83.43038,34.01365],[-83.4308,34.01349],[-83.43102,34.01341],[-83.43122,34.01333],[-83.43152,34.01321],[-83.43319,34.01257],[-83.43408,34.01223],[-83.43544,34.0117],[-83.43551,34.01168],[-83.44042,34.00979],[-83.44355,34.00859],[-83.44507,34.008],[-83.4461,34.00761],[-83.45258,34.00509],[-83.45325,34.00483],[-83.45356,34.00471],[-83.45388,34.00458],[-83.45525,34.00406],[-83.45719,34.0033],[-83.45897,34.00261],[-83.46249,34.00123],[-83.46289,34.00108],[-83.46559,34.00012],[-83.46615,33.99992],[-83.46709,33.99958],[-83.46924,33.99875],[-83.4703,33.99837],[-83.47069,33.99821],[-83.47074,33.99815],[-83.47084,33.99806],[-83.47102,33.99799],[-83.4713,33.99786],[-83.47153,33.9978],[-83.47193,33.99772],[-83.47223,33.99764],[-83.47248,33.99754],[-83.47259,33.99747],[-83.47306,33.99723],[-83.47331,33.99709],[-83.47378,33.99688],[-83.47427,33.99664],[-83.47478,33.9963],[-83.47497,33.99643],[-83.475,33.99644],[-83.47507,33.99642],[-83.47535,33.99631],[-83.47544,33.99627],[-83.47562,33.9962],[-83.4761,33.99602],[-83.47921,33.99484],[-83.48244,33.9936],[-83.48447,33.99283],[-83.48449,33.99283],[-83.48478,33.99289],[-83.48489,33.99291],[-83.48514,33.99296],[-83.48546,33.99302],[-83.48589,33.99311],[-83.48622,33.99348],[-83.48638,33.99369],[-83.48659,33.99395],[-83.48664,33.99401],[-83.48681,33.99416],[-83.48698,33.99431],[-83.48744,33.99458],[-83.48749,33.99461],[-83.48775,33.99475],[-83.48797,33.99484],[-83.48886,33.99523],[-83.48895,33.9953],[-83.48953,33.99552],[-83.48991,33.99583],[-83.4905,33.99614],[-83.49134,33.99647],[-83.49198,33.99671],[-83.4922,33.9968],[-83.49303,33.99701],[-83.49383,33.99719],[-83.4947,33.99739],[-83.49543,33.99752],[-83.49571,33.99752],[-83.49611,33.99761],[-83.49614,33.9976],[-83.49648,33.99759],[-83.49693,33.99755],[-83.49699,33.99753],[-83.4978,33.99766],[-83.49839,33.99755],[-83.49895,33.99708],[-83.5006,33.99634],[-83.50088,33.99621],[-83.50113,33.9961],[-83.5019,33.99625],[-83.50221,33.99652],[-83.50235,33.99664],[-83.50264,33.99699],[-83.50307,33.99764],[-83.50313,33.99788],[-83.50313,33.99795],[-83.50319,33.99855],[-83.50315,33.99894],[-83.50305,33.99958],[-83.50312,33.99948],[-83.50317,33.9994],[-83.50322,33.99935],[-83.50331,33.99922],[-83.50345,33.99903],[-83.50348,33.99896],[-83.50351,33.99881],[-83.50355,33.99866],[-83.50358,33.9985],[-83.50357,33.99831],[-83.50362,33.99829],[-83.50365,33.9982],[-83.50366,33.99815],[-83.50367,33.99813],[-83.50368,33.99808],[-83.50368,33.9979],[-83.50365,33.99773],[-83.50363,33.99767],[-83.50357,33.99761],[-83.5033,33.99666],[-83.50322,33.99637],[-83.50318,33.99622],[-83.50304,33.99567],[-83.503,33.99513],[-83.50299,33.99501],[-83.50287,33.99438],[-83.50285,33.99432],[-83.50277,33.99385],[-83.50247,33.99316],[-83.50239,33.99286],[-83.50235,33.9927],[-83.50232,33.99256],[-83.50235,33.99168],[-83.50236,33.9916],[-83.50233,33.99151],[-83.50216,33.991],[-83.50214,33.99094],[-83.50205,33.99073],[-83.50199,33.99064],[-83.50183,33.99042],[-83.50173,33.99032],[-83.5016,33.99021],[-83.50106,33.98989],[-83.50099,33.98984],[-83.50061,33.9896],[-83.50002,33.98921],[-83.49992,33.98911],[-83.49984,33.98902],[-83.49939,33.98887],[-83.49875,33.98841],[-83.49854,33.98824],[-83.49837,33.98783],[-83.49824,33.98753],[-83.49834,33.98747],[-83.49844,33.98742],[-83.49988,33.98658],[-83.50226,33.98521],[-83.50841,33.98183],[-83.50845,33.98181],[-83.50892,33.98154],[-83.50895,33.98152],[-83.50945,33.98126],[-83.50946,33.98124],[-83.50972,33.9811],[-83.50998,33.98096],[-83.51059,33.98062],[-83.5112,33.98029],[-83.51122,33.98028],[-83.51246,33.9796],[-83.51372,33.97891],[-83.51536,33.97804],[-83.52618,33.97213],[-83.5271,33.97156],[-83.52721,33.9715],[-83.52724,33.97149],[-83.52725,33.97148],[-83.53184,33.96895],[-83.5369,33.96618]]]}}]}